id,episode_num,challenge_type,question,answer,options,word_pieces
624,1,"translation","""What is this?""","저기요... 이거 뭐예요?","[""네, 있어!"",""저기요... 이거 뭐예요?"",""달고나 라떼가 뭐예요?"",""와이파이 있어요?""]",
625,1,"translation","""What is that?""","저거 뭐예요?","[""어서 와! 주문하시겠어?"",""저거 뭐예요?"",""달달하고 맛있어!"",""사이즈는?""]",
626,1,"fill_blank","저기요... 이거 ___?","뭐예요","[""없어요"",""봐요"",""뭐예요"",""안 돼요""]",
627,1,"fill_blank","저거 ___?","뭐예요","[""해요"",""뭐예요"",""안 돼요"",""몰라요""]",
628,1,"word_order","""What is this?""","저기요 이거 뭐예요",,"[""뭐예요"",""저기요"",""없어요"",""이거""]"
629,1,"translation","Dalgona latte, please.","달고나 라떼 주세요!","[""달고나 라떼 주세요!"",""큰 거 주세요."",""달달하고 맛있어!"",""너무 맛있어요!""]",
630,1,"translation","""Menu, please.""","메뉴 주세요.","[""메뉴 주세요."",""달고나 라떼가 뭐예요?"",""너무 맛있어요!"",""큰 거 주세요.""]",
631,1,"fill_blank","달고나 라떼 ___!","주세요","[""몰라요"",""봐요"",""주세요"",""해요""]",
632,1,"fill_blank","메뉴 ___.","주세요","[""해요"",""없어요"",""몰라요"",""주세요""]",
633,1,"word_order","Dalgona latte, please.","달고나 라떼 주세요",,"[""달고나"",""라떼"",""주세요"",""없어요""]"
634,1,"translation","Is there WiFi?","와이파이 있어요?","[""달고나 라떼가 뭐예요?"",""와이파이 있어요?"",""와, 예쁘다!"",""네, 있어!""]",
635,1,"fill_blank","와이파이 ___?","있어요","[""있어요"",""안 돼요"",""봐요"",""없어요""]",
636,1,"word_order","Is there WiFi?","와이파이 있어요",,"[""없어요"",""와이파이"",""있어요""]"
637,2,"translation","""I want to go to Jeju Island.""","지수! 홍대 가고 싶어요...","[""여기서 2호선 타면 돼!"",""어디서 타요?"",""지수! 홍대 가고 싶어요..."",""와... 사람이 너무 많다!""]",
638,2,"translation","""I want to go to the sea.""","바다에 가고 싶어요.","[""표 두 장 주세요!"",""바다에 가고 싶어요."",""에마야! 여기서 뭐 해?"",""그치? 나도 좋아!""]",
639,2,"fill_blank","지수! 홍대 ___...","가고 싶어요","[""가고 싶어요"",""봐요"",""몰라요"",""없어요""]",
640,2,"fill_blank","바다에 ___.","가고 싶어요","[""가고 싶어요"",""없어요"",""해요"",""몰라요""]",
641,2,"word_order","""I want to go to Jeju Island.""","지수 홍대 가고 싶어요",,"[""가고"",""없어요"",""싶어요"",""홍대"",""지수""]"
642,2,"translation","""How do I get to Myeongdong?""","저기요, 홍대 어떻게 가요?","[""어디서 타요?"",""와... 사람이 너무 많다!"",""지수! 홍대 가고 싶어요..."",""저기요, 홍대 어떻게 가요?""]",
643,2,"translation","""How do I get to the subway station?""","지하철역에 어떻게 가요?","[""지수! 홍대 가고 싶어요..."",""지하철역에 어떻게 가요?"",""에마야! 여기서 뭐 해?"",""그치? 나도 좋아!""]",
644,2,"fill_blank","저기요, 홍대 ___?","어떻게 가요","[""봐요"",""어떻게 가요"",""해요"",""없어요""]",
645,2,"fill_blank","지하철역에 ___?","어떻게 가요","[""해요"",""어떻게 가요"",""몰라요"",""안 돼요""]",
646,2,"word_order","""How do I get to Myeongdong?""","저기요 홍대 어떻게 가요",,"[""홍대"",""저기요"",""어떻게"",""가요"",""없어요""]"
647,2,"translation","""Where do I get on the bus?""","어디서 타요?","[""어디서 타요?"",""에마야! 여기서 뭐 해?"",""와... 사람이 너무 많다!"",""와, 서울 진짜 좋아요!""]",
648,2,"translation","""Where do I get on the airport bus?""","공항버스 어디서 타요?","[""그치? 나도 좋아!"",""공항버스 어디서 타요?"",""와... 사람이 너무 많다!"",""완벽해!""]",
649,2,"fill_blank","___?","어디서 타요","[""안 돼요"",""어디서 타요"",""없어요"",""봐요""]",
650,2,"fill_blank","공항버스 ___?","어디서 타요","[""해요"",""없어요"",""어디서 타요"",""봐요""]",
651,2,"word_order","""Where do I get on the bus?""","어디서 타요",,"[""없어요"",""어디서"",""타요""]"
652,3,"translation","""What is this?""","와, 저거 뭐예요?","[""괜찮아?"",""맞아요, 맞아!"",""이게 떡볶이 맞아요?"",""와, 저거 뭐예요?""]",
653,3,"translation","""What is that?""","저거 뭐예요?","[""매운 거 먹을 수 있어?"",""맞아요, 맞아!"",""괜찮아?"",""저거 뭐예요?""]",
654,3,"fill_blank","와, 저거 ___?","뭐예요","[""봐요"",""해요"",""뭐예요"",""몰라요""]",
655,3,"fill_blank","저거 ___?","뭐예요","[""뭐예요"",""몰라요"",""해요"",""없어요""]",
656,3,"word_order","""What is this?""","와 저거 뭐예요",,"[""없어요"",""뭐예요"",""와"",""저거""]"
657,3,"translation","""I want to eat samgyeopsal.""","저거 먹고 싶어요! 근데 매워요?","[""떡볶이야! 진짜 맛있어."",""괜찮아?"",""그게 바로 떡볶이 마법이야."",""저거 먹고 싶어요! 근데 매워요?""]",
658,3,"translation","""I want to eat naengmyeon.""","냉면 먹고 싶어요.","[""그게 바로 떡볶이 마법이야."",""냉면 먹고 싶어요."",""매운 거 못 먹어요... 근데 맛있어요!!"",""으악... 매워요!!""]",
659,3,"fill_blank","저거 ___! 근데 매워요?","먹고 싶어요","[""몰라요"",""먹고 싶어요"",""봐요"",""없어요""]",
660,3,"fill_blank","냉면 ___.","먹고 싶어요","[""해요"",""먹고 싶어요"",""안 돼요"",""봐요""]",
661,3,"word_order","""I want to eat samgyeopsal.""","저거 먹고 싶어요 근데 매워요",,"[""없어요"",""근데"",""매워요"",""싶어요"",""저거"",""먹고""]"
662,3,"translation","""I can't eat spicy food.""","매운 거 못 먹어요... 근데 맛있어요!!","[""그게 바로 떡볶이 마법이야."",""맞아요, 맞아!"",""매운 거 못 먹어요... 근데 맛있어요!!"",""괜찮아?""]",
663,3,"translation","""I can't eat shellfish.""","조개 못 먹어요.","[""으악... 매워요!!"",""맞아요, 맞아!"",""조개 못 먹어요."",""괜찮아?""]",
664,3,"fill_blank","매운 거 ___... 근데 맛있어요!!","못 먹어요","[""봐요"",""몰라요"",""없어요"",""못 먹어요""]",
665,3,"fill_blank","조개 ___.","못 먹어요","[""없어요"",""안 돼요"",""못 먹어요"",""봐요""]",
666,3,"word_order","""I can't eat spicy food.""","매운 거 못 먹어요 근데 맛있어요",,"[""거"",""맛있어요"",""먹어요"",""못"",""근데"",""없어요"",""매운""]"
667,4,"translation","""I'll go with this one.""","오! 그걸로 할게요.","[""어? 혹시... 지수 오빠 민준 씨예요?"",""이거 어때? 삼각김밥이랑 라면!"",""와, 편의점이 이렇게 커요?"",""오! 그걸로 할게요.""]",
668,4,"translation","""I'll have the Americano.""","아메리카노로 할게요.","[""여기서 먹어도 돼요?"",""진짜 맛있어요! 한국 편의점 너무 좋아요."",""응, 돼. 한국 편의점은 다 이래."",""아메리카노로 할게요.""]",
669,4,"fill_blank","오! 그걸___.","로 할게요","[""없어요"",""몰라요"",""로 할게요"",""해요""]",
670,4,"fill_blank","아메리카노___.","로 할게요","[""해요"",""없어요"",""안 돼요"",""로 할게요""]",
671,4,"word_order","""I'll go with this one.""","오 그걸로 할게요",,"[""그걸로"",""없어요"",""할게요"",""오""]"
672,4,"translation","""Is it okay to eat this?""","여기서 먹어도 돼요?","[""진짜 맛있어요! 한국 편의점 너무 좋아요."",""여기서 먹어도 돼요?"",""응, 나 민준이야. 에마 맞지?"",""이거 어때? 삼각김밥이랑 라면!""]",
673,4,"fill_blank","여기서 ___?","먹어도 돼요","[""안 돼요"",""먹어도 돼요"",""몰라요"",""봐요""]",
674,4,"word_order","""Is it okay to eat this?""","여기서 먹어도 돼요",,"[""먹어도"",""돼요"",""없어요"",""여기서""]"
675,5,"translation","""Have you ever tried Korean food?""","여기 진짜 맛있어. 삼겹살 먹어 본 적 있어?","[""여기는 삼겹살이 유명해."",""에마야, 뒤집어!"",""이렇게요?"",""여기 진짜 맛있어. 삼겹살 먹어 본 적 있어?""]",
676,5,"translation","""Have you ever been to Seoul?""","서울에 가 본 적 있어요?","[""이제 한국 사람 다 됐네."",""아니요! 처음이에요!"",""서울에 가 본 적 있어요?"",""여기는 삼겹살이 유명해.""]",
677,5,"word_order","""Have you ever tried Korean food?""","여기 진짜 맛있어 삼겹살 먹어 본 적 있어",,"[""맛있어"",""진짜"",""적"",""본"",""여기"",""없어요"",""먹어"",""있어"",""삼겹살""]"
678,5,"translation","""Please recommend something from the menu.""","추천해 주세요!","[""천천히 말해주실 수 있어요? 한국어 공부 중이에요."",""추천해 주세요!"",""뭐가 맛있어요?"",""여기는 삼겹살이 유명해.""]",
679,5,"translation","""Please recommend a place to stay.""","숙소 추천해 주세요.","[""천천히 말해주실 수 있어요? 한국어 공부 중이에요."",""에마야, 뒤집어!"",""여기는 삼겹살이 유명해."",""숙소 추천해 주세요.""]",
680,5,"fill_blank","___!","추천해 주세요","[""해요"",""추천해 주세요"",""몰라요"",""안 돼요""]",
681,5,"fill_blank","숙소 ___.","추천해 주세요","[""해요"",""없어요"",""안 돼요"",""추천해 주세요""]",
682,5,"word_order","""Please recommend something from the menu.""","추천해 주세요",,"[""없어요"",""주세요"",""추천해""]"
683,5,"translation","""Could you take a photo for me?""","천천히 말해주실 수 있어요? 한국어 공부 중이에요.","[""진짜 너무 맛있어요!!"",""천천히 말해주실 수 있어요? 한국어 공부 중이에요."",""추천해 주세요!"",""여기는 삼겹살이 유명해.""]",
684,5,"translation","""Could you help me?""","도와주실 수 있어요?","[""에마야, 뒤집어!"",""뭐가 맛있어요?"",""도와주실 수 있어요?"",""이렇게요?""]",
685,5,"fill_blank","천천히 말해___? 한국어 공부 중이에요.","주실 수 있어요","[""주실 수 있어요"",""봐요"",""없어요"",""안 돼요""]",
686,5,"fill_blank","도와___?","주실 수 있어요","[""주실 수 있어요"",""봐요"",""없어요"",""안 돼요""]",
687,5,"word_order","""Could you take a photo for me?""","천천히 말해주실 수 있어요 한국어 공부 중이에요",,"[""수"",""천천히"",""말해주실"",""중이에요"",""공부"",""한국어"",""없어요"",""있어요""]"
688,6,"translation","""I like Korean food.""","케이팝 진짜 좋아해요!","[""나도 케이팝 너무 좋아!"",""노래방 처음이에요!"",""케이팝 진짜 좋아해요!"",""또 오고 싶어요!""]",
689,6,"translation","""I like K-pop.""","케이팝 좋아해요.","[""이 노래 너무 좋아요!!"",""에마 잘한다!!"",""진짜요? 대박!"",""케이팝 좋아해요.""]",
690,6,"fill_blank","케이팝 진짜 ___!","좋아해요","[""해요"",""좋아해요"",""봐요"",""안 돼요""]",
691,6,"fill_blank","케이팝 ___.","좋아해요","[""봐요"",""좋아해요"",""해요"",""몰라요""]",
692,6,"word_order","""I like Korean food.""","케이팝 진짜 좋아해요",,"[""케이팝"",""좋아해요"",""진짜"",""없어요""]"
693,6,"translation","""Is it okay to call you 언니?""","저도 같이 불러도 돼요?","[""이 노래 너무 좋아요!!"",""물론이지! 가르쳐 줄게!"",""소피, 한국 노래 알아요?"",""저도 같이 불러도 돼요?""]",
694,6,"translation","""Is it okay to call you 오빠?""","오빠라고 불러도 돼요?","[""에마 잘한다!!"",""노래방 처음이에요!"",""오빠라고 불러도 돼요?"",""소피, 한국 노래 알아요?""]",
695,6,"fill_blank","저도 같이 ___?","불러도 돼요","[""안 돼요"",""불러도 돼요"",""몰라요"",""해요""]",
696,6,"fill_blank","오빠라고 ___?","불러도 돼요","[""불러도 돼요"",""안 돼요"",""봐요"",""몰라요""]",
697,6,"word_order","""Is it okay to call you 언니?""","저도 같이 불러도 돼요",,"[""돼요"",""불러도"",""저도"",""없어요"",""같이""]"
698,6,"translation","""I want to come here again.""","또 오고 싶어요!","[""저도 같이 불러도 돼요?"",""물론이지! 가르쳐 줄게!"",""또 오고 싶어요!"",""당연하지! 다 알아!""]",
699,6,"translation","""I want to come back to Korea.""","한국에 또 오고 싶어요.","[""진짜요? 대박!"",""나도 케이팝 너무 좋아!"",""한국에 또 오고 싶어요."",""노래방 처음이에요!""]",
700,6,"fill_blank","___!","또 오고 싶어요","[""해요"",""몰라요"",""또 오고 싶어요"",""봐요""]",
701,6,"fill_blank","한국에 ___.","또 오고 싶어요","[""또 오고 싶어요"",""몰라요"",""안 돼요"",""봐요""]",
702,6,"word_order","""I want to come here again.""","또 오고 싶어요",,"[""오고"",""없어요"",""또"",""싶어요""]"
703,7,"translation","""This food is fascinating.""","와, 여기 진짜 신기해요!","[""저기요... 좀 깎아 주세요!"",""맛봐요, 맛봐!"",""조금만 더 주세요!"",""와, 여기 진짜 신기해요!""]",
704,7,"translation","""Korean culture is really fascinating.""","한국 문화가 신기해요.","[""감사합니다! 맛있어요!"",""맛봐요, 맛봐!"",""한국 문화가 신기해요."",""조금만 더 주세요!""]",
705,7,"fill_blank","와, 여기 진짜 ___!","신기해요","[""안 돼요"",""해요"",""몰라요"",""신기해요""]",
706,7,"fill_blank","한국 문화가 ___.","신기해요","[""안 돼요"",""신기해요"",""몰라요"",""해요""]",
707,7,"word_order","""This food is fascinating.""","와 여기 진짜 신기해요",,"[""와"",""여기"",""없어요"",""신기해요"",""진짜""]"
708,7,"translation","""Please give me more water.""","조금만 더 주세요!","[""한국 전통 시장이야. 뭐든 다 있어."",""다 해서 얼마예요?"",""맛봐요, 맛봐!"",""조금만 더 주세요!""]",
709,7,"translation","""Please give me more kimchi.""","김치 더 주세요.","[""김치 더 주세요."",""감사합니다! 맛있어요!"",""자, 따라 해봐. \""좀 깎아 주세요\"""",""다 해서 얼마예요?""]",
710,7,"fill_blank","조금만 ___!","더 주세요","[""몰라요"",""안 돼요"",""더 주세요"",""봐요""]",
711,7,"fill_blank","김치 ___.","더 주세요","[""해요"",""없어요"",""봐요"",""더 주세요""]",
712,7,"word_order","""Please give me more water.""","조금만 더 주세요",,"[""없어요"",""더"",""조금만"",""주세요""]"
713,7,"translation","""Please give me a discount.""","자, 따라 해봐. ""좀 깎아 주세요""","[""조금만 더 주세요!"",""감사합니다! 맛있어요!"",""자, 따라 해봐. \""좀 깎아 주세요\"""",""와, 여기 진짜 신기해요!""]",
714,7,"translation","""Please discount 10,000 won.""","만 원만 깎아 주세요.","[""이제 시장 고수네."",""다 해서 얼마예요?"",""만 원만 깎아 주세요."",""저기요... 좀 깎아 주세요!""]",
715,7,"fill_blank","자, 따라 해봐. ""좀 ___""","깎아 주세요","[""없어요"",""해요"",""몰라요"",""깎아 주세요""]",
716,7,"fill_blank","만 원만 ___.","깎아 주세요","[""몰라요"",""해요"",""깎아 주세요"",""없어요""]",
717,7,"word_order","""Please give me a discount.""","자 따라 해봐 ""좀 깎아 주세요""",,"[""주세요\"""",""자"",""따라"",""깎아"",""없어요"",""해봐"",""\""좀""]"
718,8,"translation","""Have you tried this app?""","이거 써봤어? 진짜 좋아!","[""제 피부 타입에 맞는 거 추천해 주세요."",""이거 써봤어? 진짜 좋아!"",""피부가 건성이에요, 지성이에요?"",""이제 K-뷰티 덕후 됐어!""]",
719,8,"translation","""Have you tried this cream?""","이 크림 써봤어요?","[""또 오고 싶어!"",""이 크림 써봤어요?"",""이게 제일 예뻐!"",""이제 K-뷰티 덕후 됐어!""]",
720,8,"fill_blank","이 크림 ___?","써봤어요","[""해요"",""써봤어요"",""봐요"",""안 돼요""]",
721,8,"word_order","""Have you tried this app?""","이거 써봤어 진짜 좋아",,"[""좋아"",""없어요"",""이거"",""써봤어"",""진짜""]"
722,8,"translation","""Please recommend something from the menu.""","제 피부 타입에 맞는 거 추천해 주세요.","[""이제 K-뷰티 덕후 됐어!"",""제 피부 타입에 맞는 거 추천해 주세요."",""뭐가 좋아? 다 신기해 보여요."",""이거... 친구한테 선물하려고요. 어떤 게 좋아?""]",
723,8,"translation","""Please recommend a place to stay.""","숙소 추천해 주세요.","[""이거... 친구한테 선물하려고요. 어떤 게 좋아?"",""K-뷰티 진짜 좋아! 좋은 제품이 정말 많아!"",""숙소 추천해 주세요."",""뭐가 좋아? 다 신기해 보여요.""]",
724,8,"fill_blank","제 피부 타입에 맞는 거 ___.","추천해 주세요","[""안 돼요"",""몰라요"",""해요"",""추천해 주세요""]",
725,8,"fill_blank","숙소 ___.","추천해 주세요","[""안 돼요"",""없어요"",""봐요"",""추천해 주세요""]",
726,8,"word_order","""Please recommend something from the menu.""","제 피부 타입에 맞는 거 추천해 주세요",,"[""제"",""주세요"",""피부"",""거"",""타입에"",""추천해"",""없어요"",""맞는""]"
727,8,"translation","""Which color do you like?""","이거... 친구한테 선물하려고요. 어떤 게 좋아?","[""뭐가 좋아? 다 신기해 보여요."",""이거... 친구한테 선물하려고요. 어떤 게 좋아?"",""이게 제일 예뻐!"",""또 오고 싶어!""]",
728,8,"translation","""Which flavor do you like?""","어떤 맛이 좋아요?","[""이게 제일 예뻐!"",""또 오고 싶어!"",""제 피부 타입에 맞는 거 추천해 주세요."",""어떤 맛이 좋아요?""]",
729,8,"word_order","""Which color do you like?""","이거 친구한테 선물하려고요 어떤 게 좋아",,"[""친구한테"",""없어요"",""게"",""좋아"",""어떤"",""선물하려고요"",""이거""]"
730,9,"translation","""It's tastier than I expected.""","생각보다 훨씬 빠르지?","[""오늘 날씨 너무 좋다!"",""이런 거 너무 좋아요."",""이제 알았지?"",""생각보다 훨씬 빠르지?""]",
731,9,"translation","""It's farther than I thought.""","생각보다 멀어요.","[""오늘 날씨 너무 좋다!"",""이미 너무 좋아요."",""한국 치킨... 생각보다 진짜 맛있어요!!"",""생각보다 멀어요.""]",
732,9,"word_order","""It's tastier than I expected.""","생각보다 훨씬 빠르지",,"[""없어요"",""훨씬"",""빠르지"",""생각보다""]"
733,9,"translation","""I'm so happy we're all together.""","다 같이 있어서 좋아요.","[""이런 거 너무 좋아요."",""이제 알았지?"",""오늘 날씨 너무 좋다!"",""다 같이 있어서 좋아요.""]",
734,9,"translation","""I'm glad we're all together today.""","오늘 다 같이 있어서 좋아요.","[""이제 알았지?"",""배달이 이렇게 빨라요?!"",""오늘 다 같이 있어서 좋아요."",""한국에 온 지 얼마 안 됐는데...""]",
735,9,"fill_blank","___.","다 같이 있어서 좋아요","[""다 같이 있어서 좋아요"",""몰라요"",""없어요"",""해요""]",
736,9,"fill_blank","오늘 ___.","다 같이 있어서 좋아요","[""봐요"",""다 같이 있어서 좋아요"",""없어요"",""해요""]",
737,9,"word_order","""I'm so happy we're all together.""","다 같이 있어서 좋아요",,"[""다"",""있어서"",""없어요"",""같이"",""좋아요""]"
738,9,"translation","""I already ate.""","이미 너무 좋아요.","[""이미 너무 좋아요."",""한국에 온 지 얼마 안 됐는데..."",""생각보다 훨씬 빠르지?"",""다 같이 있어서 좋아요.""]",
739,9,"translation","""I already know.""","이미 알아요.","[""이런 거 너무 좋아요."",""이미 알아요."",""오늘 날씨 너무 좋다!"",""한국 치킨... 생각보다 진짜 맛있어요!!""]",
740,9,"word_order","""I already ate.""","이미 너무 좋아요",,"[""이미"",""좋아요"",""없어요"",""너무""]"
741,10,"translation","""I'm so nervous.""","오늘 첫 수업이에요. 조금 떨려요.","[""해냈어요. 한국어로!"",""오늘 첫 수업이에요. 조금 떨려요."",""저는 에마예요. 미국에서 왔어요."",""에마야, 할 수 있어!""]",
742,10,"translation","""I'm nervous because it's the first day.""","첫날이라 떨려요.","[""경영학 전공이에요."",""잘 부탁드려요!"",""새로 온 학생이죠? 자기소개 해볼까요?"",""첫날이라 떨려요.""]",
743,10,"fill_blank","오늘 첫 수업이에요. 조금 ___.","떨려요","[""떨려요"",""안 돼요"",""해요"",""몰라요""]",
744,10,"fill_blank","첫날이라 ___.","떨려요","[""몰라요"",""봐요"",""떨려요"",""해요""]",
745,10,"word_order","""I'm so nervous.""","오늘 첫 수업이에요 조금 떨려요",,"[""오늘"",""수업이에요"",""없어요"",""첫"",""조금"",""떨려요""]"
746,10,"translation","""I'm from the United States.""","저는 에마예요. 미국에서 왔어요.","[""네..."",""경영학 전공이에요."",""저는 에마예요. 미국에서 왔어요."",""최고야!""]",
747,10,"translation","""I'm from the United Kingdom.""","영국에서 왔어요.","[""경영학 전공이에요."",""잘 부탁드려요!"",""오늘 첫 수업이에요. 조금 떨려요."",""영국에서 왔어요.""]",
748,10,"fill_blank","저는 에마예요. 미국___.","에서 왔어요","[""에서 왔어요"",""안 돼요"",""없어요"",""해요""]",
749,10,"fill_blank","영국___.","에서 왔어요","[""에서 왔어요"",""안 돼요"",""봐요"",""몰라요""]",
750,10,"word_order","""I'm from the United States.""","저는 에마예요 미국에서 왔어요",,"[""미국에서"",""없어요"",""왔어요"",""저는"",""에마예요""]"
751,10,"translation","""Nice to meet you. Please take good care of me.""","잘 부탁드려요!","[""잘 부탁드려요!"",""저는 에마예요. 미국에서 왔어요."",""해냈어요. 한국어로!"",""경영학 전공이에요.""]",
752,10,"translation","""Please take good care of me going forward.""","앞으로 잘 부탁드려요.","[""해냈어요. 한국어로!"",""오늘 첫 수업이에요. 조금 떨려요."",""에마야, 할 수 있어!"",""앞으로 잘 부탁드려요.""]",
753,10,"fill_blank","___!","잘 부탁드려요","[""없어요"",""봐요"",""잘 부탁드려요"",""해요""]",
754,10,"fill_blank","앞으로 ___.","잘 부탁드려요","[""안 돼요"",""해요"",""몰라요"",""잘 부탁드려요""]",
755,10,"word_order","""Nice to meet you. Please take good care of me.""","잘 부탁드려요",,"[""부탁드려요"",""잘"",""없어요""]"
756,11,"translation","""Do you need to transfer?""","갈아타요?","[""2호선 타면 돼!"",""네~"",""한 5분?"",""갈아타요?""]",
757,11,"translation","""I take the bus.""","버스 타요.","[""여기서 내려!"",""2호선이요?"",""한 5분?"",""버스 타요.""]",
758,11,"fill_blank","갈아___?","타요","[""안 돼요"",""타요"",""해요"",""없어요""]",
759,11,"fill_blank","버스 ___.","타요","[""봐요"",""해요"",""타요"",""안 돼요""]",
760,11,"translation","""You can take Line 2!""","2호선 타면 돼!","[""응, 신촌역에서 갈아타!"",""와, 빠르다!"",""갈아타요?"",""2호선 타면 돼!""]",
761,11,"translation","""I get off at Seoul Station.""","서울역에서 내려요.","[""서울역에서 내려요."",""갈아타요?"",""한 5분?"",""여기서 내려!""]",
762,11,"fill_blank","서울역___.","에서 내려요","[""해요"",""봐요"",""에서 내려요"",""없어요""]",
763,11,"word_order","""You can take Line 2!""","2호선 타면 돼",,"[""타면"",""2호선"",""돼"",""갈아타요?""]"
764,11,"translation","""Please take me to Hongdae!""","홍대까지 가 주세요!","[""다음엔 혼자 탈 수 있을 것 같아요!"",""응, 신촌역에서 갈아타!"",""홍대까지 가 주세요!"",""와, 빠르다!""]",
765,11,"translation","""Please take me to Myeongdong.""","명동까지 가 주세요.","[""명동까지 가 주세요."",""2호선이요?"",""얼마나 걸려요?"",""다음엔 혼자 탈 수 있을 것 같아요!""]",
766,11,"fill_blank","홍대___!","까지 가 주세요","[""까지 가 주세요"",""해요"",""안 돼요"",""봐요""]",
767,11,"fill_blank","명동___.","까지 가 주세요","[""까지 가 주세요"",""안 돼요"",""해요"",""갈아타요""]",
768,11,"word_order","""Please take me to Hongdae!""","홍대까지 가 주세요",,"[""홍대까지"",""주세요"",""가"",""갈아타요?""]"
769,12,"translation","""I'll go with this one.""","순두부찌개로 할게요!","[""여기 순두부찌개 맛집이야."",""맵기는요?"",""네, 자유롭게 드세요!"",""순두부찌개로 할게요!""]",
770,12,"translation","""I'll have the Americano.""","아메리카노로 할게요.","[""와, 냄새 너무 좋아요!"",""네, 자유롭게 드세요!"",""아메리카노로 할게요."",""여기 순두부찌개 맛집이야.""]",
771,12,"fill_blank","순두부찌개___!","로 할게요","[""안 돼요"",""몰라요"",""로 할게요"",""없어요""]",
772,12,"fill_blank","아메리카노___.","로 할게요","[""안 돼요"",""해요"",""로 할게요"",""없어요""]",
773,12,"word_order","""I'll go with this one.""","순두부찌개로 할게요",,"[""순두부찌개로"",""없어요"",""할게요""]"
774,12,"translation","""Please make it less spicy.""","덜 맵게 해 주세요.","[""여기 순두부찌개 맛집이야."",""덜 맵게 해 주세요."",""네, 자유롭게 드세요!"",""포장도 돼. 다음엔 포장해 가.""]",
775,12,"translation","""Please make it less sweet.""","덜 달게 해 주세요.","[""이 반찬 리필 돼요?"",""덜 달게 해 주세요."",""순두부찌개로 할게요!"",""이거 뭐가 들어가 있어요?""]",
776,12,"word_order","""Please make it less spicy.""","덜 맵게 해 주세요",,"[""주세요"",""덜"",""없어요"",""해"",""맵게""]"
777,12,"translation","""Can I get a refill on the drink?""","이 반찬 리필 돼요?","[""맵기는요?"",""네, 자유롭게 드세요!"",""이거 뭐가 들어가 있어요?"",""이 반찬 리필 돼요?""]",
778,12,"translation","""Is coffee refillable?""","커피 리필 돼요?","[""네, 자유롭게 드세요!"",""덜 맵게 해 주세요."",""커피 리필 돼요?"",""너무 맛있었어요!""]",
779,12,"fill_blank","이 반찬 ___?","리필 돼요","[""봐요"",""몰라요"",""안 돼요"",""리필 돼요""]",
780,12,"fill_blank","커피 ___?","리필 돼요","[""안 돼요"",""해요"",""없어요"",""리필 돼요""]",
781,12,"word_order","""Can I get a refill on the drink?""","이 반찬 리필 돼요",,"[""반찬"",""리필"",""이"",""돼요"",""없어요""]"
782,13,"translation","""What do you do on weekends?""","미안해요, 10분만요!","[""홍대 카페에서 만나!"",""아직 아무것도 없어요!"",""좋아요! 몇 시에 만날까요?"",""미안해요, 10분만요!""]",
783,13,"translation","""What are you doing tonight?""","오늘 저녁에 뭐 해요?","[""에마야, 주말에 뭐 해?"",""아직 아무것도 없어요!"",""홍대 카페에서 만나!"",""오늘 저녁에 뭐 해요?""]",
784,13,"fill_blank","오늘 저녁___?","에 뭐 해요","[""에 뭐 해요"",""몰라요"",""봐요"",""안 돼요""]",
785,13,"word_order","""What do you do on weekends?""","미안해요 10분만요",,"[""미안해요"",""10분만요"",""없어요""]"
786,13,"translation","""Do you want to eat together?""","소피랑 같이 영화 볼래?","[""저 조금 늦을 것 같아요..."",""소피랑 같이 영화 볼래?"",""다음에 해요, 다음에!"",""홍대 카페에서 만나!""]",
787,13,"translation","""Do you want to go together?""","같이 갈래요?","[""좋아요! 몇 시에 만날까요?"",""같이 갈래요?"",""에마야, 주말에 뭐 해?"",""다음에 해요, 다음에!""]",
788,13,"word_order","""Do you want to eat together?""","소피랑 같이 영화 볼래",,"[""볼래"",""영화"",""소피랑"",""같이"",""없어요""]"
789,13,"translation","""I think I'll be a little late, I'm sorry.""","저 조금 늦을 것 같아요...","[""저 조금 늦을 것 같아요..."",""아직 아무것도 없어요!"",""에마야, 주말에 뭐 해?"",""소피랑 같이 영화 볼래?""]",
790,13,"translation","""There's traffic, so I think I'll be a little late.""","길이 막혀서 조금 늦을 것 같아요.","[""소피랑 같이 영화 볼래?"",""에마야, 주말에 뭐 해?"",""좋아요! 몇 시에 만날까요?"",""길이 막혀서 조금 늦을 것 같아요.""]",
791,13,"fill_blank","저 ___...","조금 늦을 것 같아요","[""해요"",""안 돼요"",""없어요"",""조금 늦을 것 같아요""]",
792,13,"fill_blank","길이 막혀서 ___.","조금 늦을 것 같아요","[""몰라요"",""조금 늦을 것 같아요"",""해요"",""없어요""]",
793,13,"word_order","""I think I'll be a little late, I'm sorry.""","저 조금 늦을 것 같아요",,"[""없어요"",""저"",""조금"",""늦을"",""것"",""같아요""]"
794,14,"translation","""I'm lost, please help me.""","(지도 보며) 어...? 길을 잃었어요.","[""쭉 가면 돼요!"",""(혼잣말) 다음엔 지도 보여달라고 해야지."",""한 10분 정도 걸려요."",""(지도 보며) 어...? 길을 잃었어요.""]",
795,14,"translation","""I got lost because I don't have a map.""","지도가 없어서 길을 잃었어요.","[""한 10분 정도 걸려요."",""오른쪽이요? 감사해요!"",""(혼잣말) 다음엔 지도 보여달라고 해야지."",""지도가 없어서 길을 잃었어요.""]",
796,14,"fill_blank","(지도 보며) 어...? ___.","길을 잃었어요","[""길을 잃었어요"",""없어요"",""안 돼요"",""몰라요""]",
797,14,"fill_blank","지도가 없어서 ___.","길을 잃었어요","[""봐요"",""안 돼요"",""길을 잃었어요"",""해요""]",
798,14,"word_order","""I'm lost, please help me.""","(지도 보며) 어 길을 잃었어요",,"[""어"",""(지도"",""없어요"",""보며)"",""길을"",""잃었어요""]"
799,14,"translation","""Just go straight down this road.""","쭉 가면 돼요!","[""쭉 가면 돼요!"",""어디 찾으세요?"",""(지도 보며) 어...? 길을 잃었어요."",""한 10분 정도 걸려요.""]",
800,14,"translation","""Just go straight, it's not difficult.""","쭉 가면 돼요, 어렵지 않아요.","[""어디 찾으세요?"",""쭉 가면 돼요, 어렵지 않아요."",""(혼잣말) 다음엔 지도 보여달라고 해야지."",""걸어서 얼마나 걸려요?""]",
801,14,"fill_blank","___!","쭉 가면 돼요","[""쭉 가면 돼요"",""해요"",""안 돼요"",""몰라요""]",
802,14,"fill_blank","___, 어렵지 않아요.","쭉 가면 돼요","[""해요"",""쭉 가면 돼요"",""안 돼요"",""봐요""]",
803,14,"word_order","""Just go straight down this road.""","쭉 가면 돼요",,"[""가면"",""없어요"",""돼요"",""쭉""]"
804,14,"translation","""Just turn left.""","저기서 오른쪽으로 꺾으면 돼요.","[""(지도 보며) 어...? 길을 잃었어요."",""어디 찾으세요?"",""한 10분 정도 걸려요."",""저기서 오른쪽으로 꺾으면 돼요.""]",
805,14,"translation","""Just turn right.""","오른쪽으로 꺾으면 돼요.","[""지도 없이도 할 수 있었어요!"",""(혼잣말) 다음엔 지도 보여달라고 해야지."",""걸어서 얼마나 걸려요?"",""오른쪽으로 꺾으면 돼요.""]",
806,14,"fill_blank","저기서 오른쪽___.","으로 꺾으면 돼요","[""안 돼요"",""으로 꺾으면 돼요"",""봐요"",""해요""]",
807,14,"fill_blank","오른쪽___.","으로 꺾으면 돼요","[""없어요"",""몰라요"",""으로 꺾으면 돼요"",""해요""]",
808,14,"word_order","""Just turn left.""","저기서 오른쪽으로 꺾으면 돼요",,"[""꺾으면"",""돼요"",""오른쪽으로"",""저기서"",""없어요""]"
809,15,"translation","""Have you seen this movie?""","네! 이거 봤어?","[""네! 이거 봤어?"",""에마, 요즘 드라마 봐?"",""진짜? 대박!"",""몇 시에 새 화 올라와?""]",
810,15,"translation","""Have you seen Squid Game?""","오징어게임 봤어요?","[""오징어게임 봤어요?"",""매주 금요일 밤 9시!"",""에마, 요즘 드라마 봐?"",""어디서 볼 수 있어?""]",
811,15,"fill_blank","오징어게임 ___?","봤어요","[""몰라요"",""없어요"",""봤어요"",""봐요""]",
812,15,"word_order","""Have you seen this movie?""","네 이거 봤어",,"[""재미있어요?"",""네"",""봤어"",""이거""]"
813,15,"translation","""This game is fun.""","재미있어?","[""재미있어?"",""(다음날) 어젯밤에 다 봤어!"",""몇 시에 새 화 올라와?"",""넷플릭스에서 볼 수 있어요.""]",
814,15,"translation","""Studying Korean is fun.""","한국어 공부가 재미있어요.","[""어디서 볼 수 있어?"",""너무 재미있어!"",""한국어 공부가 재미있어요."",""진짜 강추야!""]",
815,15,"fill_blank","한국어 공부가 ___.","재미있어요","[""봐요"",""재미있어요"",""해요"",""없어요""]",
816,15,"translation","""I strongly recommend this restaurant!""","진짜 강추야!","[""매주 금요일 밤 9시!"",""너무 재미있어!"",""진짜 강추야!"",""네! 이거 봤어?""]",
817,15,"translation","""I highly recommend this movie.""","이 영화 강추예요.","[""이 영화 강추예요."",""매주 금요일 밤 9시!"",""재미있어?"",""너무 재미있어!""]",
818,15,"fill_blank","이 영화 ___.","강추예요","[""없어요"",""강추예요"",""해요"",""안 돼요""]",
819,15,"word_order","""I strongly recommend this restaurant!""","진짜 강추야",,"[""진짜"",""강추야"",""재미있어요?""]"
820,16,"translation","""How's the weather in Seoul?""","내일 거기 날씨 어때요?","[""맑을 거야!"",""진짜? 우산 챙겨야겠다!"",""내일 거기 날씨 어때요?"",""엄청 추워요!""]",
821,16,"translation","""How's the weather lately?""","요즘 날씨 어때요?","[""요즘 날씨 어때요?"",""진짜? 우산 챙겨야겠다!"",""에마야, 오늘 날씨 어때?"",""너무 더워졌다!""]",
822,16,"fill_blank","내일 거기 ___?","날씨 어때요","[""몰라요"",""해요"",""날씨 어때요"",""봐요""]",
823,16,"fill_blank","요즘 ___?","날씨 어때요","[""몰라요"",""날씨 어때요"",""안 돼요"",""없어요""]",
824,16,"word_order","""How's the weather in Seoul?""","내일 거기 날씨 어때요",,"[""없어요"",""거기"",""어때요"",""내일"",""날씨""]"
825,16,"translation","""It looks like it's going to rain.""","오늘 눈 올 것 같아요.","[""좋아!"",""내일 거기 날씨 어때요?"",""맑을 거야!"",""오늘 눈 올 것 같아요.""]",
826,16,"translation","""It looks like it's going to snow.""","눈 올 것 같아요.","[""눈 올 것 같아요."",""내일 거기 날씨 어때요?"",""좋아!"",""진짜? 우산 챙겨야겠다!""]",
827,16,"fill_blank","오늘 눈 ___.","올 것 같아요","[""없어요"",""해요"",""올 것 같아요"",""안 돼요""]",
828,16,"fill_blank","눈 ___.","올 것 같아요","[""몰라요"",""해요"",""안 돼요"",""올 것 같아요""]",
829,16,"word_order","""It looks like it's going to rain.""","오늘 눈 올 것 같아요",,"[""없어요"",""같아요"",""올"",""오늘"",""것"",""눈""]"
830,16,"translation","""I need to bring an umbrella.""","에마야, 오늘 날씨 어때?","[""에마야, 오늘 날씨 어때?"",""맑을 거야!"",""날씨 좋네요! 산책할까요?"",""너무 더워졌다!""]",
831,16,"translation","""I need to dress warmly.""","따뜻하게 챙겨야겠어요.","[""날씨 좋네요! 산책할까요?"",""따뜻하게 챙겨야겠어요."",""진짜? 우산 챙겨야겠다!"",""한국 날씨 진짜 신기해요.""]",
832,16,"fill_blank","따뜻하게 ___.","챙겨야겠어요","[""챙겨야겠어요"",""해요"",""없어요"",""봐요""]",
833,16,"word_order","""I need to bring an umbrella.""","에마야 오늘 날씨 어때",,"[""날씨"",""오늘"",""어때"",""에마야"",""없어요""]"
834,17,"translation","""My stomach hurts.""","어디 아파요?","[""네, 알겠어요."",""약국 가봐!"",""어디 아파요?"",""두통약 있어요?""]",
835,17,"translation","""My head hurts.""","머리가 아파요.","[""머리가 아파요. 열도 나요."",""네, 알겠어요."",""(전화로) 지수야, 나 많이 아파..."",""머리가 아파요.""]",
836,17,"word_order","""My stomach hurts.""","어디 아파요",,"[""없어요"",""아파요"",""어디""]"
837,17,"translation","""Do you have headache medicine?""","두통약 있어요?","[""두통약 있어요?"",""응, 푹 쉬었더니 나았어!"",""(다음날) 괜찮아?"",""약국 가봐!""]",
838,17,"translation","""Do you have digestive medicine?""","소화제 있어요?","[""네, 이거 드세요."",""매운 거 안 먹는 게 나아요."",""머리가 아파요. 열도 나요."",""소화제 있어요?""]",
839,17,"fill_blank","두통___?","약 있어요","[""봐요"",""안 돼요"",""몰라요"",""약 있어요""]",
840,17,"word_order","""Do you have headache medicine?""","두통약 있어요",,"[""있어요"",""두통약"",""없어요""]"
841,17,"translation","""It's better not to eat spicy food.""","매운 거 안 먹는 게 나아요.","[""(전화로) 지수야, 나 많이 아파..."",""응, 푹 쉬었더니 나았어!"",""매운 거 안 먹는 게 나아요."",""약국 가봐!""]",
842,17,"translation","""It's better not to eat right now.""","지금은 안 먹는 게 나아요.","[""(다음날) 괜찮아?"",""어디 아파요?"",""응, 푹 쉬었더니 나았어!"",""지금은 안 먹는 게 나아요.""]",
843,17,"fill_blank","매운 거 ___.","안 먹는 게 나아요","[""몰라요"",""봐요"",""안 먹는 게 나아요"",""없어요""]",
844,17,"fill_blank","지금은 ___.","안 먹는 게 나아요","[""몰라요"",""안 먹는 게 나아요"",""안 돼요"",""봐요""]",
845,17,"word_order","""It's better not to eat spicy food.""","매운 거 안 먹는 게 나아요",,"[""없어요"",""안"",""게"",""먹는"",""매운"",""거"",""나아요""]"
846,18,"translation","""What is your hobby?""","에마야, 취미가 뭐야?","[""완전 좋아요!"",""에마야, 취미가 뭐야?"",""나도 사진 좋아해!"",""완전 내 스타일이네!""]",
847,18,"translation","""What's your hobby these days?""","요즘 취미가 뭐예요?","[""저도요!"",""요즘 취미가 뭐예요?"",""사진 찍는 거요! 오빠는요?"",""완전 좋아요!""]",
848,18,"fill_blank","요즘 ___?","취미가 뭐예요","[""저도요"",""봐요"",""취미가 뭐예요"",""없어요""]",
849,18,"word_order","""What is your hobby?""","에마야 취미가 뭐야",,"[""저도요!"",""뭐야"",""에마야"",""취미가""]"
850,18,"translation","""Me too! I like Korea too.""","저도요!","[""난 필름 카메라 좋아해."",""다음엔 같이 카페 투어 하자."",""요즘 한국 카페 사진에 빠져 있어요."",""저도요!""]",
851,18,"translation","""Me too, I'm hungry too.""","저도요, 저도 배고파요.","[""완전 내 스타일이네!"",""저도요, 저도 배고파요."",""나도 사진 좋아해!"",""요즘 한국 카페 사진에 빠져 있어요.""]",
852,18,"fill_blank","___!","저도요","[""해요"",""몰라요"",""저도요"",""없어요""]",
853,18,"fill_blank","___, 저도 배고파요.","저도요","[""저도요"",""해요"",""몰라요"",""봐요""]",
854,18,"translation","""This food is not great.""","저는 폰 카메라 별로예요. 미러리스 써요.","[""요즘 한국 카페 사진에 빠져 있어요."",""난 필름 카메라 좋아해."",""에마야, 취미가 뭐야?"",""저는 폰 카메라 별로예요. 미러리스 써요.""]",
855,18,"translation","""The weather isn't great.""","날씨가 별로예요.","[""완전 내 스타일이네!"",""날씨가 별로예요."",""사진 찍는 거요! 오빠는요?"",""저도요!""]",
856,18,"fill_blank","저는 폰 카메라 ___. 미러리스 써요.","별로예요","[""해요"",""없어요"",""별로예요"",""저도요""]",
857,18,"fill_blank","날씨가 ___.","별로예요","[""저도요"",""봐요"",""별로예요"",""안 돼요""]",
858,18,"word_order","""This food is not great.""","저는 폰 카메라 별로예요 미러리스 써요",,"[""미러리스"",""별로예요"",""저도요!"",""카메라"",""써요"",""저는"",""폰""]"
859,19,"translation","""What's famous here? Please recommend some food.""","여기서 유명한 게 뭐야?","[""여기서 유명한 게 뭐야?"",""한복 입고 사진 찍는 거!"",""선물로 뭐가 좋을까?"",""같이 사진 찍어!""]",
860,19,"translation","""What's famous at this market?""","이 시장에서 유명한 게 뭐예요?","[""이 시장에서 유명한 게 뭐예요?"",""좋아! 잘 나왔어?"",""사진이 진짜 잘 나왔어!"",""한복 입고 사진 찍는 거!""]",
861,19,"word_order","""What's famous here? Please recommend some food.""","여기서 유명한 게 뭐야",,"[""여기서"",""없어요"",""유명한"",""게"",""뭐야""]"
862,19,"translation","""Let's take a photo together!""","같이 사진 찍어!","[""한복 입고 사진 찍는 거!"",""같이 사진 찍어!"",""선물로 뭐가 좋을까?"",""여기 또 오고 싶어!""]",
863,19,"translation","""Let's take a photo together here. The background is pretty.""","여기서 같이 사진 찍어요. 배경이 예뻐요.","[""좋아! 잘 나왔어?"",""한복 입고 사진 찍는 거!"",""여기서 같이 사진 찍어요. 배경이 예뻐요."",""인스타에 올려!""]",
864,19,"fill_blank","여기서 ___. 배경이 예뻐요.","같이 사진 찍어요","[""없어요"",""같이 사진 찍어요"",""해요"",""봐요""]",
865,19,"word_order","""Let's take a photo together!""","같이 사진 찍어",,"[""사진"",""찍어"",""없어요"",""같이""]"
866,19,"translation","""Did the photo come out well? Let me take a look.""","좋아! 잘 나왔어?","[""저도! 진짜 예쁘다."",""좋아! 잘 나왔어?"",""한복 입고 사진 찍는 거!"",""선물로 뭐가 좋을까?""]",
867,19,"translation","""The photos came out great today! I love them.""","오늘 사진이 잘 나왔어요! 너무 좋아요.","[""한복 입고 사진 찍는 거!"",""오늘 사진이 잘 나왔어요! 너무 좋아요."",""한국 전통 과자 어때?"",""인스타에 올려!""]",
868,19,"fill_blank","오늘 ___! 너무 좋아요.","사진이 잘 나왔어요","[""사진이 잘 나왔어요"",""몰라요"",""해요"",""안 돼요""]",
869,19,"word_order","""Did the photo come out well? Let me take a look.""","좋아 잘 나왔어",,"[""잘"",""나왔어"",""없어요"",""좋아""]"
870,20,"translation","""Long time no see! Have you been well?""","소피! 오랜만이야!","[""한국어 공부 열심히 하고 있어!"",""소피! 오랜만이야!"",""요즘 어떻게 지내?"",""연락해요, 꼭!""]",
871,20,"translation","""Oh, long time no see. How have you been lately?""","어, 오랜만이에요. 요즘 어때요?","[""하나도 안 변했어!"",""연락해요, 꼭!"",""어, 오랜만이에요. 요즘 어때요?"",""요즘 어떻게 지내?""]",
872,20,"fill_blank","어, ___. 요즘 어때요?","오랜만이에요","[""오랜만이에요"",""해요"",""몰라요"",""안 돼요""]",
873,20,"word_order","""Long time no see! Have you been well?""","소피 오랜만이야",,"[""오랜만이야"",""소피"",""없어요""]"
874,20,"translation","""Long time no see. Have you been well?""","잘 지냈어?","[""잘 지냈어?"",""요즘 어떻게 지내?"",""연락해요, 꼭!"",""하나도 안 변했어!""]",
875,20,"translation","""Have you been well lately? Were you very busy?""","요즘 잘 지냈어요? 많이 바빴어요?","[""네! 요즘 바빠?"",""한국어 공부 열심히 하고 있어!"",""하나도 안 변했어!"",""요즘 잘 지냈어요? 많이 바빴어요?""]",
876,20,"fill_blank","요즘 ___? 많이 바빴어요?","잘 지냈어요","[""안 돼요"",""해요"",""없어요"",""잘 지냈어요""]",
877,20,"word_order","""Long time no see. Have you been well?""","잘 지냈어",,"[""지냈어"",""잘"",""없어요""]"
878,20,"translation","""Today was fun. See you again next time!""","다음에 또 봐!","[""에마! 정말 오랜만이야!"",""한국어 공부 열심히 하고 있어!"",""네! 요즘 바빠?"",""다음에 또 봐!""]",
879,20,"translation","""See you next time. I'll be in touch.""","다음에 또 봐요. 연락할게요.","[""연락해요, 꼭!"",""다음에 또 봐요. 연락할게요."",""하나도 안 변했어!"",""잘 지냈어?""]",
880,20,"fill_blank","___. 연락할게요.","다음에 또 봐요","[""봐요"",""다음에 또 봐요"",""안 돼요"",""없어요""]",
881,20,"word_order","""Today was fun. See you again next time!""","다음에 또 봐",,"[""봐"",""또"",""없어요"",""다음에""]"
882,21,"translation","""I watched a movie yesterday. It was really fun.""","진짜 좋았어! 사진도 많이 찍었어.","[""에마야, 어제 뭐 했어?"",""한강은 처음이었는데 또 가고 싶어."",""진짜 좋았어! 사진도 많이 찍었어."",""맞아, 한강 치킨은 진짜야.""]",
883,21,"translation","""I ate. I'm full now.""","밥 먹었어. 이제 배불러.","[""거기 어땠어?"",""밥 먹었어. 이제 배불러."",""맞아, 한강 치킨은 진짜야."",""에마야, 어제 뭐 했어?""]",
884,21,"fill_blank","진짜 좋았어! 사진도 많이 찍___.","었어","[""안 돼요"",""었어"",""몰라요"",""해요""]",
885,21,"fill_blank","밥 먹___. 이제 배불러.","었어","[""없어요"",""몰라요"",""해요"",""었어""]",
886,21,"word_order","""I watched a movie yesterday. It was really fun.""","진짜 좋았어 사진도 많이 찍었어",,"[""좋았어"",""찍었어"",""사진도"",""없어요"",""진짜"",""많이""]"
887,21,"translation","""How was the trip? Was it fun?""","거기 어땠어?","[""근데 치킨 못 먹었어."",""왜?"",""한강에 갔어!"",""거기 어땠어?""]",
888,21,"translation","""How was the exam? Did you do well?""","시험 어땠어? 잘 봤어?","[""시험 어땠어? 잘 봤어?"",""한강은 처음이었는데 또 가고 싶어."",""에마야, 어제 뭐 했어?"",""맞아, 한강 치킨은 진짜야.""]",
889,21,"fill_blank","거기 ___?","어땠어","[""해요"",""어땠어"",""몰라요"",""없어요""]",
890,21,"fill_blank","시험 ___? 잘 봤어?","어땠어","[""없어요"",""안 돼요"",""해요"",""어땠어""]",
891,21,"word_order","""How was the trip? Was it fun?""","거기 어땠어",,"[""거기"",""없어요"",""어땠어""]"
892,21,"translation","""It was my first time, but it was better than I expected.""","한강은 처음이었는데 또 가고 싶어.","[""에마야, 어제 뭐 했어?"",""한강에 갔어!"",""한강은 처음이었는데 또 가고 싶어."",""같이 가자!""]",
893,21,"translation","""It was my first time skiing, but it was really fun.""","스키 처음이었는데 진짜 재밌었어요.","[""진짜 좋았어! 사진도 많이 찍었어."",""스키 처음이었는데 진짜 재밌었어요."",""왜?"",""맞아, 한강 치킨은 진짜야.""]",
894,21,"fill_blank","한강은 ___ 또 가고 싶어.","처음이었는데","[""안 돼요"",""처음이었는데"",""몰라요"",""봐요""]",
895,21,"fill_blank","스키 ___ 진짜 재밌었어요.","처음이었는데","[""안 돼요"",""몰라요"",""없어요"",""처음이었는데""]",
896,21,"word_order","""It was my first time, but it was better than I expected.""","한강은 처음이었는데 또 가고 싶어",,"[""또"",""한강은"",""없어요"",""싶어"",""가고"",""처음이었는데""]"
897,22,"translation","""I think it's going to rain. Bring an umbrella.""","여기 맛있을 것 같아요!","[""이 집 유명한 것 같아요."",""여기 맛있을 것 같아요!"",""생각보다 빠르네."",""이거 매울 것 같아요.""]",
898,22,"translation","""I think this food will be delicious.""","이 음식이 맛있을 것 같아요.","[""이 집 유명한 것 같아요."",""생각보다 빠르네."",""한 30분 걸릴 거야."",""이 음식이 맛있을 것 같아요.""]",
899,22,"fill_blank","여기 맛있을 ___!","것 같아요","[""몰라요"",""봐요"",""없어요"",""것 같아요""]",
900,22,"fill_blank","이 음식이 맛있을 ___.","것 같아요","[""안 돼요"",""몰라요"",""것 같아요"",""봐요""]",
901,22,"word_order","""It seems like it'll be delicious here!""","여기 맛있을 것 같아요",,"[""것"",""여기"",""같아요"",""맛있을"",""없어요""]"
902,22,"translation","""The lights are off. They must be sleeping.""","여기 맛있을 것 같아요!","[""이거 매울 것 같아요."",""얼마나 기다려야 해요?"",""맞아, 인스타에서 봤어."",""여기 맛있을 것 같아요!""]",
903,22,"translation","""You're eating a lot. I guess you're hungry.""","많이 먹네요. 배가 고프나 봐요.","[""얼마나 기다려야 해요?"",""맞아, 인스타에서 봤어."",""한 30분 걸릴 거야."",""많이 먹네요. 배가 고프나 봐요.""]",
904,22,"fill_blank","많이 먹네요. 배가 고프___.","나 봐요","[""나 봐요"",""없어요"",""안 돼요"",""봐요""]",
905,22,"word_order","""The lights are off. They must be sleeping.""","여기 맛있을 것 같아요",,"[""것"",""같아요"",""여기"",""맛있을"",""없어요""]"
906,22,"translation","""I'm going to wake up early tomorrow.""","한 30분 걸릴 거야.","[""줄 서 있는 거 보면 맛있나 봐."",""얼마나 기다려야 해요?"",""한 30분 걸릴 거야."",""맞아, 인스타에서 봤어.""]",
907,22,"translation","""I'm going to meet a friend this weekend.""","이번 주말에 친구 만날 거야.","[""여기 맛있을 것 같아요!"",""이 집 유명한 것 같아요."",""잘 모르겠어... 물어봐야지."",""이번 주말에 친구 만날 거야.""]",
908,22,"word_order","""I'm going to wake up early tomorrow.""","한 30분 걸릴 거야",,"[""걸릴"",""한"",""거야"",""30분"",""없어요""]"
909,23,"translation","""I have to do homework. I need to finish it today.""","에마야, 지금 공부해야 해.","[""에마야, 지금 공부해야 해."",""알아... 나도 해야 해."",""응, 들어가!"",""핸드폰 잊지 마.""]",
910,23,"translation","""I need to sleep now. I have to wake up early tomorrow.""","이제 자야 해. 내일 일찍 일어나야 해.","[""안 쉬어도 돼! 조금만 더!"",""이제 자야 해. 내일 일찍 일어나야 해."",""지수야, 걱정하지 마."",""응? 난 걱정 안 했는데.""]",
911,23,"fill_blank","에마야, 지금 공부___.","해야 해","[""안 돼요"",""없어요"",""봐요"",""해야 해""]",
912,23,"word_order","""I have to do homework. I need to finish it today.""","에마야 지금 공부해야 해",,"[""지금"",""없어요"",""공부해야"",""해"",""에마야""]"
913,23,"translation","""Don't worry. Everything will be fine.""","에마야, 지금 공부해야 해.","[""응, 들어가!"",""아, 맞다! 고마워."",""에마야, 지금 공부해야 해."",""핸드폰 잊지 마.""]",
914,23,"translation","""Don't go there. It's dangerous.""","거기 가지 마. 위험해.","[""지수야, 걱정하지 마."",""응, 들어가!"",""거기 가지 마. 위험해."",""알아... 나도 해야 해.""]",
915,23,"word_order","""Don't worry. Everything will be fine.""","에마야 지금 공부해야 해",,"[""해"",""지금"",""에마야"",""없어요"",""공부해야""]"
916,23,"translation","""Don't forget your umbrella. They say it'll rain.""","에마야, 지금 공부해야 해.","[""응, 들어가!"",""에마야, 지금 공부해야 해."",""응? 난 걱정 안 했는데."",""알아... 나도 해야 해.""]",
917,23,"translation","""Don't forget our plans tomorrow!""","내일 약속 잊지 마!","[""지수야, 걱정하지 마."",""잠깐 쉬어도 돼?"",""응, 들어가!"",""내일 약속 잊지 마!""]",
918,23,"fill_blank","내일 약속 ___!","잊지 마","[""안 돼요"",""몰라요"",""해요"",""잊지 마""]",
919,23,"word_order","""Don't forget your umbrella. They say it'll rain.""","에마야 지금 공부해야 해",,"[""해"",""에마야"",""지금"",""공부해야"",""없어요""]"
920,24,"translation","""What do you think about this idea?""","한국 음식, 어떻게 생각해?","[""그래도 저는 좀 달라요."",""한국 음식, 어떻게 생각해?"",""그렇긴 한데요, 익숙해지면 괜찮아!"",""어떻게 생각해? 다음엔 같이 도전해봐!""]",
921,24,"translation","""What do you think of my presentation? Did I do well?""","제 발표 어떻게 생각해요? 잘 했어요?","[""사람마다 달라!"",""제 발표 어떻게 생각해요? 잘 했어요?"",""어떻게 생각해? 다음엔 같이 도전해봐!"",""그렇긴 한데요, 익숙해지면 괜찮아!""]",
922,24,"fill_blank","제 발표 ___? 잘 했어요?","어떻게 생각해요","[""없어요"",""몰라요"",""해요"",""어떻게 생각해요""]",
923,24,"word_order","""What do you think about this idea?""","한국 음식 어떻게 생각해",,"[""없어요"",""음식"",""어떻게"",""생각해"",""한국""]"
924,24,"translation","""That's true. I think so too.""","맞는 말이에요. 처음엔 저도 그랬어요.","[""저는 매운 거 별로예요."",""맞는 말이에요. 처음엔 저도 그랬어요."",""그래도 저는 좀 달라요."",""한국 음식, 어떻게 생각해?""]",
925,24,"translation","""You're right! Why didn't I think of that?""","맞는 말이에요! 왜 그걸 몰랐을까요?","[""사람마다 달라!"",""저는 매운 거 별로예요."",""맞는 말이에요! 왜 그걸 몰랐을까요?"",""그래도 저는 좀 달라요.""]",
926,24,"fill_blank","___. 처음엔 저도 그랬어요.","맞는 말이에요","[""안 돼요"",""몰라요"",""맞는 말이에요"",""없어요""]",
927,24,"fill_blank","___! 왜 그걸 몰랐을까요?","맞는 말이에요","[""없어요"",""안 돼요"",""맞는 말이에요"",""봐요""]",
928,24,"word_order","""That's true. I think so too.""","맞는 말이에요 처음엔 저도 그랬어요",,"[""그랬어요"",""처음엔"",""말이에요"",""없어요"",""저도"",""맞는""]"
929,24,"translation","""I'm a bit different. I can't eat spicy food.""","그래도 저는 좀 달라요.","[""그래도 저는 좀 달라요."",""저는 너무 좋아!"",""사람마다 달라!"",""그럴 수도 있어요.""]",
930,24,"translation","""I'm a bit different. I'm a morning person.""","저는 좀 달라요. 아침형 인간이에요.","[""저는 너무 좋아!"",""어떻게 생각해? 다음엔 같이 도전해봐!"",""저는 좀 달라요. 아침형 인간이에요."",""맞는 말이에요. 처음엔 저도 그랬어요.""]",
931,24,"fill_blank","그래도 ___.","저는 좀 달라요","[""저는 좀 달라요"",""해요"",""몰라요"",""안 돼요""]",
932,24,"fill_blank","___. 아침형 인간이에요.","저는 좀 달라요","[""봐요"",""저는 좀 달라요"",""해요"",""안 돼요""]",
933,24,"word_order","""I'm a bit different. I can't eat spicy food.""","그래도 저는 좀 달라요",,"[""좀"",""달라요"",""없어요"",""저는"",""그래도""]"
934,25,"translation","""Have you ever been to Jeju Island?""","에마야, 제주도에 가 봤어?","[""에마야, 제주도에 가 봤어?"",""나도!"",""같이 가면 재미있을 것 같아요."",""맞아, 같이 해!""]",
935,25,"translation","""Have you been to that café? I heard it has a great atmosphere.""","그 카페에 가 봤어요? 분위기가 좋대요.","[""맞아, 같이 해!"",""그 카페에 가 봤어요? 분위기가 좋대요."",""다음에 꼭 같이 가요!"",""좋아!""]",
936,25,"fill_blank","그 카페___? 분위기가 좋대요.","에 가 봤어요","[""몰라요"",""봐요"",""안 돼요"",""에 가 봤어요""]",
937,25,"word_order","""Have you ever been to Jeju Island?""","에마야 제주도에 가 봤어",,"[""가"",""없어요"",""봤어"",""제주도에"",""에마야""]"
938,25,"translation","""You should definitely go to that restaurant. It's really delicious.""","에마야, 제주도에 가 봤어?","[""에마야, 제주도에 가 봤어?"",""꼭 가 봐. 진짜 예뻐."",""좋아!"",""너무 기대돼요!""]",
939,25,"translation","""If you come to Korea, definitely go to Busan.""","한국에 오면 부산 꼭 가 보세요.","[""나도!"",""아니요! 꼭 가보고 싶어요."",""한국에 오면 부산 꼭 가 보세요."",""언제 시간 돼요?""]",
940,25,"fill_blank","한국에 오면 부산 ___.","꼭 가 보세요","[""꼭 가 보세요"",""몰라요"",""안 돼요"",""봐요""]",
941,25,"word_order","""You should definitely go to that restaurant. It's really delicious.""","에마야 제주도에 가 봤어",,"[""봤어"",""제주도에"",""없어요"",""에마야"",""가""]"
942,25,"translation","""When are you free? Let's grab a meal.""","언제 시간 돼요?","[""맞아, 같이 해!"",""좋아!"",""언제 시간 돼요?"",""에마야, 제주도에 가 봤어?""]",
943,25,"translation","""When are you available this week?""","이번 주에 언제 시간 돼요?","[""이번 주에 언제 시간 돼요?"",""꼭 가 봐. 진짜 예뻐."",""좋아!"",""같이 가면 재미있을 것 같아요.""]",
944,25,"fill_blank","___?","언제 시간 돼요","[""없어요"",""봐요"",""몰라요"",""언제 시간 돼요""]",
945,25,"fill_blank","이번 주에 ___?","언제 시간 돼요","[""언제 시간 돼요"",""안 돼요"",""없어요"",""봐요""]",
946,25,"word_order","""When are you free? Let's grab a meal.""","언제 시간 돼요",,"[""언제"",""없어요"",""돼요"",""시간""]"
947,26,"translation","""What are you watching these days? Any good dramas?""","에마, 요즘 뭐 봐?","[""다음 화가 진짜 기대돼!"",""진짜? 어땠어?"",""에마, 요즘 뭐 봐?"",""완전 빠져들었어!""]",
948,26,"translation","""What are you watching lately? Please recommend something.""","요즘 뭐 봐요? 추천해 주세요.","[""진짜? 어땠어?"",""요즘 뭐 봐요? 추천해 주세요."",""(다음날) 저도 다 봤어!"",""저도 봐야겠다.""]",
949,26,"fill_blank","___? 추천해 주세요.","요즘 뭐 봐요","[""안 돼요"",""해요"",""요즘 뭐 봐요"",""없어요""]",
950,26,"word_order","""What are you watching these days? Any good dramas?""","에마 요즘 뭐 봐",,"[""없어요"",""에마"",""요즘"",""뭐"",""봐""]"
951,26,"translation","""I'm totally hooked on this drama. I can't stop.""","완전 빠져들었어!","[""완전 빠져들었어!"",""넷플릭스에서 봐!"",""에마, 요즘 뭐 봐?"",""저도 봐야겠다.""]",
952,26,"translation","""I've been completely absorbed in that game lately.""","요즘 그 게임에 완전 빠져들었어요.","[""진짜? 어땠어?"",""(다음날) 저도 다 봤어!"",""저도 봐야겠다."",""요즘 그 게임에 완전 빠져들었어요.""]",
953,26,"fill_blank","요즘 그 게임에 ___.","완전 빠져들었어요","[""봐요"",""완전 빠져들었어요"",""몰라요"",""없어요""]",
954,26,"word_order","""I'm totally hooked on this drama. I can't stop.""","완전 빠져들었어",,"[""빠져들었어"",""없어요"",""완전""]"
955,26,"translation","""I'm so excited for the next episode. I want to watch it now.""","다음 화가 진짜 기대돼!","[""(다음날) 저도 다 봤어!"",""다음 화가 진짜 기대돼!"",""이 드라마 보고 있어!"",""어디서 봐?""]",
956,26,"translation","""Today's ending was shocking. I can't wait for the next episode.""","오늘 끝이 충격적이었어요. 다음 화가 기대돼요.","[""오늘 끝이 충격적이었어요. 다음 화가 기대돼요."",""저도 봐야겠다."",""어디서 봐?"",""진짜? 어땠어?""]",
957,26,"fill_blank","오늘 끝이 충격적이었어요. ___.","다음 화가 기대돼요","[""봐요"",""다음 화가 기대돼요"",""없어요"",""몰라요""]",
958,26,"word_order","""I'm so excited for the next episode. I want to watch it now.""","다음 화가 진짜 기대돼",,"[""없어요"",""진짜"",""화가"",""다음"",""기대돼""]"
959,27,"translation","""Do you know this song? It's really popular these days.""","에마야, 이 노래 알아?","[""아이돌 누구 좋아해?"",""에마야, 이 노래 알아?"",""다음에 같이 가자!"",""콘서트 가고 싶어!""]",
960,27,"translation","""Do you know this song? It's my absolute favorite.""","이 노래 알아요? 제가 제일 좋아하는 노래예요.","[""맞아, 자꾸 생각나지?"",""이 노래 알아요? 제가 제일 좋아하는 노래예요."",""콘서트 가고 싶어!"",""아이돌 누구 좋아해?""]",
961,27,"fill_blank","___? 제가 제일 좋아하는 노래예요.","이 노래 알아요","[""이 노래 알아요"",""안 돼요"",""봐요"",""해요""]",
962,27,"word_order","""Do you know this song? It's really popular these days.""","에마야 이 노래 알아",,"[""알아"",""없어요"",""에마야"",""이"",""노래""]"
963,27,"translation","""What does this part of the lyrics mean?""","이 가사가 무슨 뜻이야?","[""아이돌 누구 좋아해?"",""다음에 같이 가자!"",""너무 중독성 있어!"",""이 가사가 무슨 뜻이야?""]",
964,27,"translation","""What do the lyrics mean? Can you translate them?""","가사가 무슨 뜻이에요? 번역해 줄 수 있어요?","[""가사가 무슨 뜻이에요? 번역해 줄 수 있어요?"",""'그리워'는 'I miss you'야."",""콘서트 가고 싶어!"",""아이돌 누구 좋아해?""]",
965,27,"fill_blank","___? 번역해 줄 수 있어요?","가사가 무슨 뜻이에요","[""안 돼요"",""가사가 무슨 뜻이에요"",""몰라요"",""해요""]",
966,27,"word_order","""What does this part of the lyrics mean?""","이 가사가 무슨 뜻이야",,"[""무슨"",""없어요"",""가사가"",""뜻이야"",""이""]"
967,27,"translation","""This song is so addictive. I keep listening to it on repeat.""","너무 중독성 있어!","[""나는 뉴진스!"",""너무 중독성 있어!"",""'그리워'는 'I miss you'야."",""아이돌 누구 좋아해?""]",
968,27,"translation","""This food is addictive. I want to eat it again already.""","이 음식 중독성 있어요. 또 먹고 싶어요.","[""아, 이거? 알아!"",""이 음식 중독성 있어요. 또 먹고 싶어요."",""나는 뉴진스!"",""맞아, 자꾸 생각나지?""]",
969,27,"fill_blank","이 음식 ___. 또 먹고 싶어요.","중독성 있어요","[""중독성 있어요"",""몰라요"",""봐요"",""없어요""]",
970,27,"word_order","""This song is so addictive. I keep listening to it on repeat.""","너무 중독성 있어",,"[""너무"",""중독성"",""없어요"",""있어""]"
971,28,"translation","""How do you take care of your skin? It looks amazing.""","피부 관리 어떻게 해?","[""저는 수분크림 매일 발라!"",""피부 관리 어떻게 해?"",""이거 효과 있어?"",""이 세럼 여기서 팔아?""]",
972,28,"translation","""How do you manage your hair? What products do you use?""","머리 관리 어떻게 해요? 어떤 제품 써요?","[""머리 관리 어떻게 해요? 어떤 제품 써요?"",""네, 앱에서 주문할 수 있어요."",""이 세럼 여기서 팔아?"",""완전 동의해!""]",
973,28,"fill_blank","머리 ___? 어떤 제품 써요?","관리 어떻게 해요","[""관리 어떻게 해요"",""봐요"",""몰라요"",""해요""]",
974,28,"word_order","""How do you take care of your skin? It looks amazing.""","피부 관리 어떻게 해",,"[""없어요"",""관리"",""어떻게"",""해"",""피부""]"
975,28,"translation","""Is this cream effective? Have you tried it?""","이거 효과 있어?","[""이거 효과 있어?"",""네, 앱에서 주문할 수 있어요."",""저는 수분크림 매일 발라!"",""피부 관리 어떻게 해?""]",
976,28,"translation","""Does that diet method actually work?""","그 다이어트 방법 효과 있어요?","[""저는 수분크림 매일 발라!"",""K-뷰티 진짜 최고야!"",""네, 이쪽에 있어요."",""그 다이어트 방법 효과 있어요?""]",
977,28,"fill_blank","그 다이어트 방법 ___?","효과 있어요","[""효과 있어요"",""해요"",""없어요"",""안 돼요""]",
978,28,"word_order","""Is this cream effective? Have you tried it?""","이거 효과 있어",,"[""효과"",""없어요"",""이거"",""있어""]"
979,28,"translation","""This restaurant has great reviews. Let's try it out.""","후기가 진짜 좋아!","[""네, 앱에서 주문할 수 있어요."",""완전 동의해!"",""온라인으로 주문할 수 있어?"",""후기가 진짜 좋아!""]",
980,28,"translation","""That product has really great reviews. Let's give it a try.""","그 제품 후기가 진짜 좋아요. 한번 써 봐요.","[""이 세럼 여기서 팔아?"",""이거 효과 있어?"",""그 제품 후기가 진짜 좋아요. 한번 써 봐요."",""완전 동의해!""]",
981,28,"word_order","""This restaurant has great reviews. Let's try it out.""","후기가 진짜 좋아",,"[""후기가"",""진짜"",""없어요"",""좋아""]"
982,29,"translation","""How often do you exercise?""","에마야, 얼마나 자주 운동해?","[""운동이 스트레스 해소가 돼요."",""응, 꾸준히 하면 좋아."",""저는 매일 걸어요!"",""에마야, 얼마나 자주 운동해?""]",
983,29,"translation","""How often do you do it? I do it three times a week.""","얼마나 자주 해요? 저는 일주일에 세 번 해요.","[""대단한데?"",""진짜? 티 나네!"",""얼마나 자주 해요? 저는 일주일에 세 번 해요."",""응, 꾸준히 하면 좋아.""]",
984,29,"fill_blank","___? 저는 일주일에 세 번 해요.","얼마나 자주 해요","[""얼마나 자주 해요"",""없어요"",""해요"",""몰라요""]",
985,29,"word_order","""How often do you exercise?""","에마야 얼마나 자주 운동해",,"[""자주"",""에마야"",""얼마나"",""운동해"",""없어요""]"
986,29,"translation","""Green tea is good for your health.""","이거 건강에 좋아요?","[""이거 건강에 좋아요?"",""저 요즘 꾸준히 하고 있어요!"",""저는 매일 걸어요!"",""에마야, 얼마나 자주 운동해?""]",
987,29,"translation","""Walking every day is good for your health.""","매일 걷는 게 건강에 좋아요.","[""운동이 스트레스 해소가 돼요."",""에마야, 얼마나 자주 운동해?"",""매일 걷는 게 건강에 좋아요."",""저는 매일 걸어요!""]",
988,29,"fill_blank","이거 ___?","건강에 좋아요","[""해요"",""건강에 좋아요"",""봐요"",""몰라요""]",
989,29,"fill_blank","매일 걷는 게 ___.","건강에 좋아요","[""없어요"",""건강에 좋아요"",""봐요"",""해요""]",
990,29,"word_order","""Green tea is good for your health.""","이거 건강에 좋아요",,"[""이거"",""건강에"",""좋아요"",""없어요""]"
991,29,"translation","""I've been exercising consistently every day.""","저 요즘 꾸준히 하고 있어요!","[""저 요즘 꾸준히 하고 있어요!"",""응, 꾸준히 하면 좋아."",""대단한데?"",""운동이 스트레스 해소가 돼요.""]",
992,29,"translation","""I've been studying Korean consistently. My skills are improving.""","한국어 공부 꾸준히 하고 있어요. 실력이 늘어요.","[""에마야, 얼마나 자주 운동해?"",""진짜? 티 나네!"",""한국어 공부 꾸준히 하고 있어요. 실력이 늘어요."",""응, 꾸준히 하면 좋아.""]",
993,29,"fill_blank","저 요즘 ___!","꾸준히 하고 있어요","[""안 돼요"",""꾸준히 하고 있어요"",""해요"",""없어요""]",
994,29,"fill_blank","한국어 공부 ___. 실력이 늘어요.","꾸준히 하고 있어요","[""꾸준히 하고 있어요"",""해요"",""없어요"",""안 돼요""]",
995,29,"word_order","""I've been exercising consistently every day.""","저 요즘 꾸준히 하고 있어요",,"[""하고"",""요즘"",""저"",""없어요"",""있어요"",""꾸준히""]"
996,30,"translation","""Where do you live now? Is it Seoul?""","에마야, 한국 어디 살아?","[""에마야, 한국 어디 살아?"",""집 근처에 뭐 있어?"",""혼자 살아? 자취해?"",""거기 살기 좋아?""]",
997,30,"translation","""Where in Korea do you live? Is it near your workplace?""","한국 어디 살아요? 회사 근처예요?","[""한국 어디 살아요? 회사 근처예요?"",""응, 교통도 편하고!"",""집 근처에 뭐 있어?"",""응! 원룸이야.""]",
998,30,"fill_blank","한국 ___? 회사 근처예요?","어디 살아요","[""봐요"",""어디 살아요"",""해요"",""안 돼요""]",
999,30,"word_order","""Where do you live now? Is it Seoul?""","에마야 한국 어디 살아",,"[""한국"",""없어요"",""살아"",""어디"",""에마야""]"
1000,30,"translation","""Do you live alone? Are you good at cooking?""","혼자 살아? 자취해?","[""최근에 이사 왔어."",""응! 원룸이야."",""응, 교통도 편하고!"",""혼자 살아? 자취해?""]",
1001,30,"translation","""Do you live alone? Don't you get lonely?""","혼자 살아요? 외롭지 않아요?","[""혼자 살아요? 외롭지 않아요?"",""어디서 왔어?"",""카페, 편의점 다 있어!"",""거기 살기 좋아?""]",
1002,30,"fill_blank","___? 외롭지 않아요?","혼자 살아요","[""없어요"",""안 돼요"",""봐요"",""혼자 살아요""]",
1003,30,"word_order","""Do you live alone? Are you good at cooking?""","혼자 살아 자취해",,"[""살아"",""없어요"",""자취해"",""혼자""]"
1004,30,"translation","""What's near your place? Is there a café?""","집 근처에 뭐 있어?","[""거기 살기 좋아?"",""집 근처에 뭐 있어?"",""혼자 살아? 자취해?"",""응! 원룸이야.""]",
1005,30,"translation","""What's near the school? Is there anywhere to eat?""","학교 근처에 뭐 있어? 밥 먹을 데 있어?","[""카페, 편의점 다 있어!"",""에마야, 한국 어디 살아?"",""혼자 살아? 자취해?"",""학교 근처에 뭐 있어? 밥 먹을 데 있어?""]",
1006,30,"fill_blank","집 ___?","근처에 뭐 있어","[""안 돼요"",""해요"",""봐요"",""근처에 뭐 있어""]",
1007,30,"fill_blank","학교 ___? 밥 먹을 데 있어?","근처에 뭐 있어","[""안 돼요"",""없어요"",""봐요"",""근처에 뭐 있어""]",
1008,30,"word_order","""What's near your place? Is there a café?""","집 근처에 뭐 있어",,"[""근처에"",""있어"",""집"",""없어요"",""뭐""]"
1009,31,"translation","""How are you feeling today? You look happy.""","에마야, 오늘 기분 어때?","[""나는 요즘 좀 짜증나."",""에마야, 오늘 기분 어때?"",""왜?"",""근데 짐이 많아서 좀 걱정돼.""]",
1010,31,"translation","""How are you feeling? Are you feeling much better?""","기분이 어때? 많이 나아졌어?","[""근데 짐이 많아서 좀 걱정돼."",""기분이 어때? 많이 나아졌어?"",""내일 여행이라서 행복해!"",""나는 요즘 좀 짜증나.""]",
1011,31,"fill_blank","___? 많이 나아졌어?","기분이 어때","[""해요"",""없어요"",""기분이 어때"",""봐요""]",
1012,31,"word_order","""How are you feeling today? You look happy.""","에마야 오늘 기분 어때",,"[""오늘"",""에마야"",""어때"",""없어요"",""기분""]"
1013,31,"translation","""I'm happy because you're by my side.""","내일 여행이라서 행복해!","[""너무 좋아! 설레."",""왜?"",""내일 여행이라서 행복해!"",""나는 요즘 좀 짜증나.""]",
1014,31,"translation","""I'm happy because the weather is so nice today.""","오늘 날씨가 좋아서 행복해.","[""너무 좋아! 설레."",""왜?"",""오늘 날씨가 좋아서 행복해."",""나는 요즘 좀 짜증나.""]",
1015,31,"fill_blank","내일 여행이___!","라서 행복해","[""안 돼요"",""해요"",""라서 행복해"",""몰라요""]",
1016,31,"word_order","""I'm happy because you're by my side.""","내일 여행이라서 행복해",,"[""여행이라서"",""없어요"",""행복해"",""내일""]"
1017,31,"translation","""I'm going on a trip tomorrow and I'm so excited!""","너무 좋아! 설레.","[""에마야, 오늘 기분 어때?"",""근데 짐이 많아서 좀 걱정돼."",""괜찮아!"",""너무 좋아! 설레.""]",
1018,31,"translation","""I'm nervous and excited because it's our first time meeting.""","처음 만나는 거라 설레요.","[""에마야, 오늘 기분 어때?"",""처음 만나는 거라 설레요."",""근데 짐이 많아서 좀 걱정돼."",""왜?""]",
1019,31,"fill_blank","너무 좋아! ___.","설레","[""설레"",""없어요"",""해요"",""봐요""]",
1020,31,"fill_blank","처음 만나는 거라 ___요.","설레","[""몰라요"",""없어요"",""봐요"",""설레""]",
1021,31,"word_order","""I'm going on a trip tomorrow and I'm so excited!""","너무 좋아 설레",,"[""설레"",""너무"",""없어요"",""좋아""]"
1022,32,"translation","""You don't look well. Are you okay?""","소피, 괜찮아?","[""소피, 괜찮아?"",""언제든지 연락해!"",""고마워요, 에마."",""잘 될 거야!""]",
1023,32,"translation","""Did you fall? Are you okay? Are you hurt?""","넘어졌어요? 괜찮아요? 다쳤어요?","[""그럴까?"",""요즘 좀 힘들어요."",""넘어졌어요? 괜찮아요? 다쳤어요?"",""응, 많이 지쳤어요.""]",
1024,32,"fill_blank","넘어졌어요? ___? 다쳤어요?","괜찮아요","[""없어요"",""안 돼요"",""해요"",""괜찮아요""]",
1025,32,"word_order","""You don't look well. Are you okay?""","소피 괜찮아",,"[""소피"",""없어요"",""괜찮아""]"
1026,32,"translation","""Things have been a bit tough lately. I have so much work.""","요즘 좀 힘들어요.","[""고마워요, 에마."",""언제든지 연락해!"",""요즘 좀 힘들어요."",""많이 걱정돼요.""]",
1027,32,"translation","""I've been struggling a bit lately. I can't sleep well.""","요즘 좀 힘들어요. 잠을 못 자고 있어요.","[""많이 걱정돼요."",""많이 힘들어?"",""요즘 좀 힘들어요. 잠을 못 자고 있어요."",""언제든지 연락해!""]",
1028,32,"fill_blank","___.","요즘 좀 힘들어요","[""없어요"",""봐요"",""요즘 좀 힘들어요"",""안 돼요""]",
1029,32,"fill_blank","___. 잠을 못 자고 있어요.","요즘 좀 힘들어요","[""안 돼요"",""해요"",""없어요"",""요즘 좀 힘들어요""]",
1030,32,"word_order","""Things have been a bit tough lately. I have so much work.""","요즘 좀 힘들어요",,"[""요즘"",""힘들어요"",""좀"",""없어요""]"
1031,32,"translation","""If you need help, contact me anytime.""","언제든지 연락해!","[""소피, 괜찮아?"",""요즘 좀 힘들어요."",""언제든지 연락해!"",""많이 힘들어?""]",
1032,32,"translation","""Reach out anytime. I'm always here.""","언제든지 연락해요. 항상 여기 있어요.","[""응, 많이 지쳤어요."",""소피, 괜찮아?"",""언제든지 연락해요. 항상 여기 있어요."",""많이 힘들어?""]",
1033,32,"fill_blank","___. 항상 여기 있어요.","언제든지 연락해요","[""없어요"",""몰라요"",""언제든지 연락해요"",""안 돼요""]",
1034,32,"word_order","""If you need help, contact me anytime.""","언제든지 연락해",,"[""연락해"",""없어요"",""언제든지""]"
1035,33,"translation","""Do you use KakaoTalk? I'll give you my ID.""","민준 오빠, 카카오톡 해요?","[""자주 연락해!"",""응! 추가해줄게."",""민준 오빠, 카카오톡 해요?"",""한국 친구 사귀고 싶었어요.""]",
1036,33,"translation","""Are you on KakaoTalk? Let's keep in touch there.""","카카오톡 해요? 거기서 연락해요.","[""카카오톡 해요? 거기서 연락해요."",""한국 친구 사귀고 싶었어요."",""잘됐다! 우리 자주 만나자."",""나도!""]",
1037,33,"fill_blank","민준 오빠, ___?","카카오톡 해요","[""몰라요"",""없어요"",""카카오톡 해요"",""안 돼요""]",
1038,33,"fill_blank","___? 거기서 연락해요.","카카오톡 해요","[""몰라요"",""카카오톡 해요"",""안 돼요"",""봐요""]",
1039,33,"word_order","""Do you use KakaoTalk? I'll give you my ID.""","민준 오빠 카카오톡 해요",,"[""카카오톡"",""없어요"",""오빠"",""민준"",""해요""]"
1040,33,"translation","""Can I follow you on Instagram?""","응, 팔로우해도 돼.","[""민준 오빠, 카카오톡 해요?"",""앞으로 잘 부탁해요!"",""응, 팔로우해도 돼."",""나도!""]",
1041,33,"translation","""Can I follow you? Your photos are so beautiful.""","팔로우해도 돼요? 사진이 너무 예뻐요.","[""팔로우해도 돼요? 사진이 너무 예뻐요."",""한국 친구 사귀고 싶었어요."",""인스타도 해요?"",""앞으로 잘 부탁해요!""]",
1042,33,"fill_blank","___? 사진이 너무 예뻐요.","팔로우해도 돼요","[""팔로우해도 돼요"",""해요"",""봐요"",""몰라요""]",
1043,33,"word_order","""Can I follow you on Instagram?""","응 팔로우해도 돼",,"[""없어요"",""팔로우해도"",""돼"",""응""]"
1044,33,"translation","""I'm learning Korean and I really want to make Korean friends.""","한국 친구 사귀고 싶었어요.","[""네! 연락할게요."",""앞으로 잘 부탁해요!"",""한국 친구 사귀고 싶었어요."",""응! 추가해줄게.""]",
1045,33,"translation","""I want to make Korean friends. Shall we do a language exchange?""","한국 친구 사귀고 싶어요. 언어 교환 해요?","[""인스타도 해요?"",""앞으로 잘 부탁해요!"",""한국 친구 사귀고 싶어요. 언어 교환 해요?"",""응! 추가해줄게.""]",
1046,33,"fill_blank","___. 언어 교환 해요?","한국 친구 사귀고 싶어요","[""몰라요"",""한국 친구 사귀고 싶어요"",""안 돼요"",""봐요""]",
1047,33,"word_order","""I'm learning Korean and I really want to make Korean friends.""","한국 친구 사귀고 싶었어요",,"[""싶었어요"",""사귀고"",""한국"",""없어요"",""친구""]"
1048,34,"translation","""It's on me today. You treated me last time.""","오늘은 내가 살게!","[""응, 자주 먹자!"",""좋아, 같이 시킬래?"",""오늘은 내가 살게!"",""더치페이 해?""]",
1049,34,"translation","""I'll pay! Don't worry about it.""","제가 살게요! 걱정하지 마세요.","[""오빠, 배달 시켜요?"",""제가 살게요! 걱정하지 마세요."",""너무 맛있었어요!"",""다음엔 네가 사.""]",
1050,34,"fill_blank","___! 걱정하지 마세요.","제가 살게요","[""봐요"",""몰라요"",""해요"",""제가 살게요""]",
1051,34,"word_order","""It's on me today. You treated me last time.""","오늘은 내가 살게",,"[""오늘은"",""살게"",""없어요"",""내가""]"
1052,34,"translation","""Shall we split the bill? Are we each paying our own?""","아, 감사해요!","[""응, 자주 먹자!"",""더치페이 해?"",""아, 감사해요!"",""좋아, 같이 시킬래?""]",
1053,34,"translation","""Shall we go Dutch, or should I treat?""","더치페이 해요, 아니면 제가 살게요?","[""더치페이 해?"",""더치페이 해요, 아니면 제가 살게요?"",""좋아, 같이 시킬래?"",""오빠, 배달 시켜요?""]",
1054,34,"fill_blank","___, 아니면 제가 살게요?","더치페이 해요","[""해요"",""더치페이 해요"",""안 돼요"",""없어요""]",
1055,34,"word_order","""Shall we split the bill? Are we each paying our own?""","아 감사해요",,"[""없어요"",""감사해요"",""아""]"
1056,34,"translation","""Let's grab a meal together when you have time.""","우리 앞으로 자주 같이 먹어요!","[""아, 감사해요!"",""너무 맛있었어요!"",""다음엔 네가 사."",""우리 앞으로 자주 같이 먹어요!""]",
1057,34,"translation","""It's been a while — let's get a meal together!""","오랜만인데 밥 한번 먹어요!","[""아니야, 오늘은 내가 낼게."",""응, 자주 먹자!"",""오빠, 배달 시켜요?"",""오랜만인데 밥 한번 먹어요!""]",
1058,34,"fill_blank","오랜만인데 ___!","밥 한번 먹어요","[""봐요"",""없어요"",""밥 한번 먹어요"",""해요""]",
1059,34,"word_order","""Let's grab a meal together when you have time.""","우리 앞으로 자주 같이 먹어요",,"[""같이"",""우리"",""먹어요"",""자주"",""없어요"",""앞으로""]"
1060,35,"translation","""Have you tried this on? I think it'll suit you really well.""","한복 입어 봤어?","[""신기하다! 우리나라랑 달라."",""한복 입어 봤어?"",""이게 무슨 뜻이야?"",""우리는 절 해. 인사처럼.""]",
1061,35,"translation","""Have you ever worn a hanbok? It's really beautiful.""","한복 입어 봤어? 정말 예뻐.","[""추석에 뭐 해?"",""한복 입어 봤어? 정말 예뻐."",""우리는 절 해. 인사처럼."",""가족이랑 같이 먹고 놀아.""]",
1062,35,"fill_blank","한복 ___?","입어 봤어","[""입어 봤어"",""봐요"",""해요"",""없어요""]",
1063,35,"fill_blank","한복 ___? 정말 예뻐.","입어 봤어","[""해요"",""몰라요"",""안 돼요"",""입어 봤어""]",
1064,35,"word_order","""Have you ever worn a hanbok?""","한복 입어 봤어",,"[""입어"",""한복"",""봤어"",""없어요""]"
1065,35,"translation","""What do you do on Chuseok? Are you spending it with family?""","한복 입어 봤어?","[""신기하다! 우리나라랑 달라."",""우리는 절 해. 인사처럼."",""한복 입어 봤어?"",""응, 어릴 때 많이 입었어.""]",
1066,35,"translation","""What do you do on holidays? Do you go to your hometown?""","명절에 뭐 해? 고향에 가?","[""'복'은 happiness야!"",""가족이랑 같이 먹고 놀아."",""이게 무슨 뜻이야?"",""명절에 뭐 해? 고향에 가?""]",
1067,35,"fill_blank","___? 고향에 가?","명절에 뭐 해","[""해요"",""명절에 뭐 해"",""안 돼요"",""몰라요""]",
1068,35,"word_order","""What do you do on Chuseok? Are you spending it with family?""","한복 입어 봤어",,"[""입어"",""없어요"",""봤어"",""한복""]"
1069,35,"translation","""What does this mean? I've never seen this word before.""","이게 무슨 뜻이야?","[""이게 무슨 뜻이야?"",""문화가 다 달라서 재미있지!"",""한국에서는 어떻게 해?"",""추석에 뭐 해?""]",
1070,35,"translation","""What does this song lyric mean?""","이 노래 가사 이게 무슨 뜻이야?","[""이 노래 가사 이게 무슨 뜻이야?"",""가족이랑 같이 먹고 놀아."",""한복 입어 봤어?"",""한국에서는 어떻게 해?""]",
1071,35,"fill_blank","___?","이게 무슨 뜻이야","[""안 돼요"",""이게 무슨 뜻이야"",""봐요"",""몰라요""]",
1072,35,"fill_blank","이 노래 가사 ___?","이게 무슨 뜻이야","[""이게 무슨 뜻이야"",""안 돼요"",""없어요"",""몰라요""]",
1073,35,"word_order","""What does this mean? I've never seen this word before.""","이게 무슨 뜻이야",,"[""무슨"",""이게"",""뜻이야"",""없어요""]"
1074,36,"translation","""Do you drink? Want to grab a drink together?""","다음에 또 마셔요!","[""오늘은 여기까지만 해요."",""저 많이 취한 것 같아요."",""건배!"",""다음에 또 마셔요!""]",
1075,36,"translation","""I don't drink. Please give me juice.""","저는 술 안 마셔요. 주스 주세요.","[""에마야, 술 마셔?"",""건배!"",""저는 술 안 마셔요. 주스 주세요."",""조금요!""]",
1076,36,"word_order","""Do you drink? Want to grab a drink together?""","다음에 또 마셔요",,"[""마셔요"",""또"",""다음에"",""없어요""]"
1077,36,"translation","""Everyone's here, so let's toast!""","에마야, 술 마셔?","[""에마야, 술 마셔?"",""벌써?"",""다음에 또 마셔요!"",""건배!""]",
1078,36,"translation","""Let's toast to celebrate your birthday.""","생일 축하해서 건배해요.","[""저 많이 취한 것 같아요."",""벌써?"",""생일 축하해서 건배해요."",""자, 건배!""]",
1079,36,"fill_blank","생일 축하해서 ___.","건배해요","[""안 돼요"",""건배해요"",""없어요"",""봐요""]",
1080,36,"word_order","""Everyone's here, so let's toast!""","에마야 술 마셔",,"[""마셔"",""없어요"",""술"",""에마야""]"
1081,36,"translation","""You're tired, right? Let's stop here for today.""","오늘은 여기까지만 해요.","[""오늘은 여기까지만 해요."",""자, 건배!"",""좋아!"",""벌써?""]",
1082,36,"translation","""Time's up, so let's call it a day here.""","시간이 됐으니까 오늘은 여기까지만 해요.","[""시간이 됐으니까 오늘은 여기까지만 해요."",""조금요!"",""좋아!"",""다음에 또 마셔요!""]",
1083,36,"fill_blank","___.","오늘은 여기까지만 해요","[""없어요"",""몰라요"",""해요"",""오늘은 여기까지만 해요""]",
1084,36,"fill_blank","시간이 됐으니까 ___.","오늘은 여기까지만 해요","[""안 돼요"",""없어요"",""해요"",""오늘은 여기까지만 해요""]",
1085,36,"word_order","""You're tired, right? Let's stop here for today.""","오늘은 여기까지만 해요",,"[""여기까지만"",""오늘은"",""해요"",""없어요""]"
1086,37,"translation","""Let's sing this song together! Do you know it?""","이 노래 같이 불러!","[""이 노래 같이 불러!"",""다음 주에 또 와!"",""노래방 또 오고 싶어!"",""시간 연장하자!""]",
1087,37,"translation","""This is my favorite song. Let's sing it together.""","제가 좋아하는 노래예요. 이 노래 같이 불러요.","[""노래 진짜 잘하네!"",""제가 좋아하는 노래예요. 이 노래 같이 불러요."",""좋아!"",""저 이거 부를게!""]",
1088,37,"fill_blank","제가 좋아하는 노래예요. ___.","이 노래 같이 불러요","[""이 노래 같이 불러요"",""봐요"",""몰라요"",""안 돼요""]",
1089,37,"word_order","""Let's sing this song together! Do you know it?""","이 노래 같이 불러",,"[""불러"",""이"",""같이"",""감사해요!"",""노래""]"
1090,37,"translation","""Do you have a song request? I'll play anything you want.""","신청곡 있어?","[""저 이거 부를게!"",""신청곡 있어?"",""감사해!"",""노래 진짜 잘하네!""]",
1091,37,"translation","""Do you have a song request for the DJ?""","DJ한테 신청곡 있어요?","[""노래 진짜 잘하네!"",""DJ한테 신청곡 있어요?"",""감사해!"",""노래방 또 오고 싶어!""]",
1092,37,"fill_blank","DJ한테 ___?","신청곡 있어요","[""해요"",""감사해요"",""신청곡 있어요"",""몰라요""]",
1093,37,"word_order","""Do you have a song request? I'll play anything you want.""","신청곡 있어",,"[""감사해요!"",""신청곡"",""있어""]"
1094,37,"translation","""This is fun — let's do one more song!""","감사해!","[""시간 연장하자!"",""감사해!"",""노래방 또 오고 싶어!"",""좋아!""]",
1095,37,"translation","""Do you have time? Let's do one more song.""","시간 있어요? 한 곡 더 해요.","[""시간 있어요? 한 곡 더 해요."",""시간 연장하자!"",""저 이거 부를게!"",""노래방 또 오고 싶어!""]",
1096,37,"fill_blank","시간 있어요? ___.","한 곡 더 해요","[""한 곡 더 해요"",""몰라요"",""안 돼요"",""없어요""]",
1097,38,"translation","""The music is great — let's dance together!""","같이 춰!","[""맞아, 어제보다 훨씬 나아!"",""케이팝 댄스 배우고 싶어!"",""잘 못하겠어."",""같이 춰!""]",
1098,38,"translation","""I'm not a great dancer, but shall we dance together?""","저 춤 잘 못 추는데, 같이 춰요?","[""따라 해봐!"",""잘 못하겠어."",""케이팝 댄스 배우고 싶어!"",""저 춤 잘 못 추는데, 같이 춰요?""]",
1099,38,"fill_blank","저 춤 잘 못 추는데, ___?","같이 춰요","[""몰라요"",""해요"",""같이 춰요"",""없어요""]",
1100,38,"word_order","""The music is great — let's dance together!""","같이 춰",,"[""춰"",""없어요"",""같이""]"
1101,38,"translation","""Studying Korean is difficult but fun.""","어렵지만 재미있어!","[""연습이 더 필요해."",""괜찮아! 처음엔 다 그래."",""어렵지만 재미있어!"",""따라 해봐!""]",
1102,38,"translation","""This game is hard but fun. I want to keep playing.""","이 게임 어렵지만 재미있어요. 계속 하고 싶어요.","[""조금씩 늘고 있어!"",""같이 춰!"",""이 게임 어렵지만 재미있어요. 계속 하고 싶어요."",""괜찮아! 처음엔 다 그래.""]",
1103,38,"fill_blank","이 게임 ___. 계속 하고 싶어요.","어렵지만 재미있어요","[""몰라요"",""해요"",""어렵지만 재미있어요"",""안 돼요""]",
1104,38,"word_order","""Studying Korean is difficult but fun.""","어렵지만 재미있어",,"[""어렵지만"",""재미있어"",""없어요""]"
1105,38,"translation","""Don't worry. You'll get better as you keep at it.""","하다 보면 금방 늘어!","[""하다 보면 금방 늘어!"",""연습이 더 필요해."",""따라 해봐!"",""조금씩 늘고 있어!""]",
1106,38,"translation","""Your Korean will improve if you keep practicing. Don't give up.""","한국어는 하다 보면 늘어요. 포기하지 마세요.","[""한국어는 하다 보면 늘어요. 포기하지 마세요."",""맞아, 어제보다 훨씬 나아!"",""어렵지만 재미있어!"",""조금씩 늘고 있어!""]",
1107,38,"fill_blank","한국어는 ___. 포기하지 마세요.","하다 보면 늘어요","[""안 돼요"",""몰라요"",""하다 보면 늘어요"",""해요""]",
1108,38,"word_order","""Don't worry. You'll get better as you keep at it.""","하다 보면 금방 늘어",,"[""금방"",""하다"",""보면"",""늘어"",""없어요""]"
1109,39,"translation","""This café has a great vibe. Do you come here often?""","여기 분위기 좋아!","[""여기 분위기 좋아!"",""달달한 거 있어?"",""여기 완전 단골이 될 것 같아요."",""오래 있어도 돼?""]",
1110,39,"translation","""The atmosphere at today's party is great!""","오늘 파티 분위기 좋아요!","[""오늘 파티 분위기 좋아요!"",""네, 물론이죠."",""네, 시간 제한 없어요."",""맞아, 공부하기 딱 좋아.""]",
1111,39,"fill_blank","오늘 파티 ___!","분위기 좋아요","[""안 돼요"",""몰라요"",""분위기 좋아요"",""없어요""]",
1112,39,"word_order","""This café has a great vibe. Do you come here often?""","여기 분위기 좋아",,"[""분위기"",""여기"",""좋아"",""없어요""]"
1113,39,"translation","""I'm hungry — do you have something sweet?""","달달한 거 있어?","[""달달한 거 있어?"",""여기 분위기 좋아!"",""네, 시간 제한 없어요."",""맞아, 공부하기 딱 좋아.""]",
1114,39,"translation","""Aside from coffee, do you have anything sweet?""","커피 말고 달달한 거 있어요?","[""뭐 마실 거야?"",""저도!"",""커피 말고 달달한 거 있어요?"",""맞아, 공부하기 딱 좋아.""]",
1115,39,"fill_blank","커피 말고 ___?","달달한 거 있어요","[""달달한 거 있어요"",""해요"",""몰라요"",""없어요""]",
1116,39,"word_order","""I'm hungry — do you have something sweet?""","달달한 거 있어",,"[""거"",""없어요"",""달달한"",""있어""]"
1117,39,"translation","""Is it okay to stay at this café for a long time?""","오래 있어도 돼?","[""맞아, 공부하기 딱 좋아."",""여기 분위기 좋아!"",""오래 있어도 돼?"",""네, 물론이죠.""]",
1118,39,"translation","""Can I stay here a long time? I want to study.""","여기 오래 있어도 돼요? 공부하고 싶어서요.","[""여기 완전 단골이 될 것 같아요."",""네, 시간 제한 없어요."",""네, 물론이죠."",""여기 오래 있어도 돼요? 공부하고 싶어서요.""]",
1119,39,"fill_blank","여기 ___? 공부하고 싶어서요.","오래 있어도 돼요","[""오래 있어도 돼요"",""봐요"",""안 돼요"",""몰라요""]",
1120,39,"word_order","""Is it okay to stay at this café for a long time?""","오래 있어도 돼",,"[""돼"",""있어도"",""오래"",""없어요""]"
1121,40,"translation","""The way you greet people differs by country.""","나라마다 다르지만 재미있어요!","[""이제 적응이 됐어요!"",""나라마다 다르지만 재미있어요!"",""한국에서는 이게 당연해."",""처음엔 낯설었는데 이제 괜찮아요.""]",
1122,40,"translation","""Food culture is different in every country.""","음식 문화가 나라마다 달라요.","[""진짜? 대단한데!"",""음식 문화가 나라마다 달라요."",""처음엔 낯설었는데 이제 괜찮아요."",""이제 한국 사람 다 됐네!""]",
1123,40,"fill_blank","음식 문화가 ___.","나라마다 달라요","[""나라마다 달라요"",""몰라요"",""안 돼요"",""없어요""]",
1124,40,"word_order","""The way you greet people differs by country.""","나라마다 다르지만 재미있어요",,"[""재미있어요"",""다르지만"",""없어요"",""나라마다""]"
1125,40,"translation","""I've finally adjusted to life in Korea.""","이제 적응이 됐어요!","[""뭘~"",""진짜? 대단한데!"",""이제 적응이 됐어요!"",""나라마다 다르지만 재미있어요!""]",
1126,40,"translation","""It was hard at first, but I've gotten used to it now.""","처음엔 힘들었는데 이제 적응이 됐어요.","[""처음엔 힘들었는데 이제 적응이 됐어요."",""진짜? 대단한데!"",""덕분이에요!"",""한국에서는 이게 당연해.""]",
1127,40,"fill_blank","___!","이제 적응이 됐어요","[""해요"",""안 돼요"",""봐요"",""이제 적응이 됐어요""]",
1128,40,"fill_blank","처음엔 힘들었는데 ___.","이제 적응이 됐어요","[""없어요"",""안 돼요"",""이제 적응이 됐어요"",""몰라요""]",
1129,40,"word_order","""I've finally adjusted to life in Korea.""","이제 적응이 됐어요",,"[""적응이"",""됐어요"",""없어요"",""이제""]"
1130,40,"translation","""It felt unfamiliar at first, but it's fine now.""","처음엔 낯설었는데 이제 괜찮아요.","[""처음엔 낯설었는데 이제 괜찮아요."",""뭘~"",""에마야, 한국 생활 어때?"",""이제 적응이 됐어요!""]",
1131,40,"translation","""Korean food was strange to me at first, but I love it now.""","한국 음식이 처음엔 낯설었는데 지금은 좋아요.","[""덕분이에요!"",""한국 음식이 처음엔 낯설었는데 지금은 좋아요."",""우리나라에서는 이렇게 안 해요."",""진짜? 대단한데!""]",
1132,40,"fill_blank","___ 이제 괜찮아요.","처음엔 낯설었는데","[""처음엔 낯설었는데"",""몰라요"",""봐요"",""해요""]",
1133,40,"fill_blank","한국 음식이 ___ 지금은 좋아요.","처음엔 낯설었는데","[""해요"",""봐요"",""없어요"",""처음엔 낯설었는데""]",
1134,40,"word_order","""It felt unfamiliar at first, but it's fine now.""","처음엔 낯설었는데 이제 괜찮아요",,"[""처음엔"",""낯설었는데"",""없어요"",""이제"",""괜찮아요""]"
1135,41,"translation","""I'm hungry — what should we eat?""","가 봤는데 생각보다 좋더라!","[""맞지? 내가 좋아하는 곳이야."",""한국어 어렵잖아."",""맞아, 근데 에마는 잘해."",""가 봤는데 생각보다 좋더라!""]",
1136,41,"translation","""I'm busy today — can we meet tomorrow?""","오늘 바쁜데 내일 만날 수 있어요?","[""나 지금 좀 바쁜데."",""여기 진짜 예쁘다!"",""그렇지?"",""오늘 바쁜데 내일 만날 수 있어요?""]",
1137,41,"fill_blank","가 봤___ 생각보다 좋더라!","는데","[""없어요"",""봐요"",""해요"",""는데""]",
1138,41,"word_order","""I'm hungry — what should we eat?""","가 봤는데 생각보다 좋더라",,"[""좋더라"",""생각보다"",""봤는데"",""없어요"",""가""]"
1139,41,"translation","""I can't drink. I have to drive, you see.""","나 사실 한국어 배우거든.","[""맞아, 근데 에마는 잘해."",""나 사실 한국어 배우거든."",""여기 진짜 예쁘다!"",""그렇지?""]",
1140,41,"translation","""My Korean is good. I studied for two years, you see.""","한국어 잘해요. 2년 동안 공부했거든요.","[""여기 진짜 예쁘다!"",""맞지? 내가 좋아하는 곳이야."",""가 봤는데 생각보다 좋더라!"",""한국어 잘해요. 2년 동안 공부했거든요.""]",
1141,41,"fill_blank","나 사실 한국어 배우___.","거든","[""없어요"",""안 돼요"",""해요"",""거든""]",
1142,41,"fill_blank","한국어 잘해요. 2년 동안 공부했___요.","거든","[""거든"",""해요"",""봐요"",""몰라요""]",
1143,41,"word_order","""I can't drink. I have to drive, you see.""","나 사실 한국어 배우거든",,"[""나"",""사실"",""배우거든"",""없어요"",""한국어""]"
1144,41,"translation","""Korean is easier than I thought.""","에마야, 지금 바빠?","[""에마야, 지금 바빠?"",""한국어 어렵잖아."",""그렇지?"",""맞지? 내가 좋아하는 곳이야.""]",
1145,41,"translation","""Oh, the food here is really delicious.""","여기 음식이 정말 맛있네요.","[""맞아, 근데 에마는 잘해."",""여기 음식이 정말 맛있네요."",""나 사실 한국어 배우거든."",""알아, 진짜 잘하던데!""]",
1146,41,"fill_blank","여기 음식이 정말 맛있___요.","네","[""해요"",""없어요"",""네"",""봐요""]",
1147,41,"word_order","""Korean is easier than I thought.""","에마야 지금 바빠",,"[""에마야"",""바빠"",""지금"",""없어요""]"
1148,42,"translation","""How about meeting tomorrow?""","내일 만나면 어때?","[""완벽해!"",""좋아!"",""내일 만나면 어때?"",""이렇게 하면 될 것 같아요.""]",
1149,42,"translation","""How about talking in Korean? It'll be good practice.""","한국어로 얘기하면 어때요? 연습이 될 거예요.","[""늦으면 안 돼!"",""한국어로 얘기하면 어때요? 연습이 될 거예요."",""이렇게 하면 될 것 같아요."",""알겠어, 일찍 갈게요.""]",
1150,42,"fill_blank","한국어로 얘기하___? 연습이 될 거예요.","면 어때요","[""해요"",""봐요"",""안 돼요"",""면 어때요""]",
1151,42,"word_order","""How about meeting tomorrow?""","내일 만나면 어때",,"[""내일"",""만나면"",""어때"",""없어요""]"
1152,42,"translation","""I hope the weather is nice tomorrow.""","같이 가면 좋겠어!","[""완벽해!"",""알겠어, 일찍 갈게요."",""같이 가면 좋겠어!"",""이렇게 하면 될 것 같아요.""]",
1153,42,"translation","""I wish my Korean would improve quickly.""","한국어가 빨리 늘면 좋겠어요.","[""한국어가 빨리 늘면 좋겠어요."",""이렇게 하면 돼?"",""늦으면 안 돼!"",""완벽해!""]",
1154,42,"fill_blank","한국어가 빨리 늘___.","면 좋겠어요","[""면 좋겠어요"",""해요"",""봐요"",""몰라요""]",
1155,42,"word_order","""I hope the weather is nice tomorrow.""","같이 가면 좋겠어",,"[""없어요"",""같이"",""좋겠어"",""가면""]"
1156,42,"translation","""You just need to take this bus. It's not hard.""","이렇게 하면 돼?","[""저도!"",""늦으면 안 돼!"",""이렇게 하면 돼?"",""완벽해!""]",
1157,42,"translation","""You just need to write your name here.""","여기에 이름 쓰면 돼요.","[""내일 만나면 어때?"",""완벽해!"",""알겠어, 일찍 갈게요."",""여기에 이름 쓰면 돼요.""]",
1158,42,"fill_blank","여기에 이름 쓰___.","면 돼요","[""몰라요"",""면 돼요"",""봐요"",""해요""]",
1159,42,"word_order","""You just need to take this bus. It's not hard.""","이렇게 하면 돼",,"[""이렇게"",""없어요"",""돼"",""하면""]"
1160,43,"translation","""I couldn't go out because of the rain.""","일 때문에 좀 늦었어요. 미안해요!","[""일 때문에 좀 늦었어요. 미안해요!"",""기대한 만큼 맛있어요!"",""다행이다."",""잘됐다!""]",
1161,43,"translation","""I'm really busy these days because of work.""","일 때문에 요즘 너무 바빠요.","[""바빠서 못 왔어요."",""다음엔 꼭 와."",""일 때문에 요즘 너무 바빠요."",""에마야, 왜 이렇게 늦었어?""]",
1162,43,"fill_blank","일 ___ 좀 늦었어요. 미안해요!","때문에","[""몰라요"",""때문에"",""해요"",""봐요""]",
1163,43,"fill_blank","일 ___ 요즘 너무 바빠요.","때문에","[""때문에"",""해요"",""봐요"",""몰라요""]",
1164,43,"word_order","""I couldn't go out because of the rain.""","일 때문에 좀 늦었어요 미안해요",,"[""없어요"",""일"",""늦었어요"",""때문에"",""미안해요"",""좀""]"
1165,43,"translation","""Thanks to my teacher, my Korean has improved.""","오빠 덕분에 잘 됐어요!","[""기대한 만큼 맛있어요!"",""오빠 덕분에 잘 됐어요!"",""맞아, 나도 그렇게 생각해."",""에마야, 왜 이렇게 늦었어?""]",
1166,43,"translation","""Thanks to my friend, I discovered a great restaurant.""","친구 덕분에 좋은 식당을 알게 됐어요.","[""다음엔 꼭 와."",""이게 저거보다 나아요."",""친구 덕분에 좋은 식당을 알게 됐어요."",""바빠서 못 왔어요.""]",
1167,43,"fill_blank","오빠 ___ 잘 됐어요!","덕분에","[""봐요"",""몰라요"",""안 돼요"",""덕분에""]",
1168,43,"fill_blank","친구 ___ 좋은 식당을 알게 됐어요.","덕분에","[""해요"",""안 돼요"",""덕분에"",""봐요""]",
1169,43,"word_order","""Thanks to my teacher, my Korean has improved.""","오빠 덕분에 잘 됐어요",,"[""오빠"",""됐어요"",""없어요"",""잘"",""덕분에""]"
1170,43,"translation","""Korean is harder than I thought.""","이게 저거보다 나아요.","[""오빠 덕분에 잘 됐어요!"",""이게 저거보다 나아요."",""잘됐다!"",""일 때문에 좀 늦었어요. 미안해요!""]",
1171,43,"translation","""Seoul is cheaper than Tokyo.""","서울이 도쿄보다 물가가 저렴해요.","[""다음엔 꼭 와."",""일 때문에 좀 늦었어요. 미안해요!"",""오빠 덕분에 잘 됐어요!"",""서울이 도쿄보다 물가가 저렴해요.""]",
1172,43,"fill_blank","이게 저거___ 나아요.","보다","[""보다"",""안 돼요"",""해요"",""몰라요""]",
1173,43,"fill_blank","서울이 도쿄___ 물가가 저렴해요.","보다","[""보다"",""안 돼요"",""해요"",""봐요""]",
1174,43,"word_order","""Korean is harder than I thought.""","이게 저거보다 나아요",,"[""없어요"",""이게"",""저거보다"",""나아요""]"
1175,44,"translation","""Shall we have coffee while we wait?""","기다리는 동안 뭐 해?","[""나도 그래!"",""좋은 루틴이네."",""자기 전에 일기 써."",""기다리는 동안 뭐 해?""]",
1176,44,"translation","""I listen to podcasts while commuting to work.""","출근하는 동안 팟캐스트 들어요.","[""일어나자마자 커피 마셔."",""출근하는 동안 팟캐스트 들어요."",""대단하다!"",""나도 그래!""]",
1177,44,"fill_blank","기다리___ 뭐 해?","는 동안","[""안 돼요"",""는 동안"",""해요"",""봐요""]",
1178,44,"fill_blank","출근하___ 팟캐스트 들어요.","는 동안","[""해요"",""없어요"",""안 돼요"",""는 동안""]",
1179,44,"word_order","""Shall we have coffee while we wait?""","기다리는 동안 뭐 해",,"[""해"",""뭐"",""기다리는"",""없어요"",""동안""]"
1180,44,"translation","""Shall we take a walk after eating?""","밥 먹고 나서 산책해.","[""자기 전에 일기 써."",""밥 먹고 나서 산책해."",""일어나자마자 커피 마셔."",""나도 그래!""]",
1181,44,"translation","""I'll call you after I shower.""","샤워하고 나서 전화할게요.","[""샤워하고 나서 전화할게요."",""대단하다!"",""일어나자마자 커피 마셔."",""음악 들어!""]",
1182,44,"fill_blank","밥 먹___ 산책해.","고 나서","[""해요"",""고 나서"",""안 돼요"",""봐요""]",
1183,44,"fill_blank","샤워하___ 전화할게요.","고 나서","[""봐요"",""몰라요"",""없어요"",""고 나서""]",
1184,44,"word_order","""Shall we take a walk after eating?""","밥 먹고 나서 산책해",,"[""나서"",""밥"",""먹고"",""산책해"",""없어요""]"
1185,44,"translation","""Don't look at your phone before sleeping.""","자기 전에 일기 써.","[""자기 전에 일기 써."",""밥 먹고 나서 산책해."",""가다가 편의점 들렀어."",""좋은 루틴이네.""]",
1186,44,"translation","""Wash your hands before eating.""","밥 먹기 전에 손 씻어요.","[""기다리는 동안 뭐 해?"",""밥 먹기 전에 손 씻어요."",""일어나자마자 커피 마셔."",""음악 들어!""]",
1187,44,"fill_blank","자___ 일기 써.","기 전에","[""봐요"",""몰라요"",""없어요"",""기 전에""]",
1188,44,"fill_blank","밥 먹___ 손 씻어요.","기 전에","[""안 돼요"",""봐요"",""몰라요"",""기 전에""]",
1189,44,"word_order","""Don't look at your phone before sleeping.""","자기 전에 일기 써",,"[""써"",""없어요"",""전에"",""자기"",""일기""]"
1190,45,"translation","""I'll help you. Don't worry.""","제가 도와줄게요!","[""죄송한데요, 혹시 도와주실 수 있어요?"",""제가 도와줄게요!"",""괜찮아, 할 수 있어."",""나도!""]",
1191,45,"translation","""I'll carry your bag. It looks heavy.""","짐 들어 줄게요. 무거워 보여요.","[""짐 들어 줄게요. 무거워 보여요."",""제가 해 드릴까요?"",""앞으로 잘 부탁드려요!"",""그래, 알겠어.""]",
1192,45,"word_order","""I'll help you. Don't worry.""","제가 도와줄게요",,"[""제가"",""없어요"",""도와줄게요""]"
1193,45,"translation","""Shall I take a photo for you?""","제가 해 드릴까요?","[""제가 해 드릴까요?"",""그래, 알겠어."",""감사한데요, 제가 할게요."",""앞으로 잘 부탁드려요!""]",
1194,45,"translation","""Shall I open the door for you?""","문 열어 드릴까요?","[""그래, 알겠어."",""문 열어 드릴까요?"",""앞으로 잘 부탁드려요!"",""네, 물론이죠!""]",
1195,45,"fill_blank","제가 ___?","해 드릴까요","[""없어요"",""봐요"",""몰라요"",""해 드릴까요""]",
1196,45,"word_order","""Shall I take a photo for you?""","제가 해 드릴까요",,"[""없어요"",""해"",""제가"",""드릴까요""]"
1197,45,"translation","""Excuse me, could you tell me where the subway station is?""","죄송한데요, 혹시 도와주실 수 있어요?","[""나도!"",""죄송한데요, 혹시 도와주실 수 있어요?"",""네, 물론이죠!"",""앞으로 잘 부탁드려요!""]",
1198,45,"translation","""Excuse me, could you possibly take a photo for us?""","죄송한데요 혹시 사진 찍어 주실 수 있어요?","[""앞으로 잘 부탁드려요!"",""죄송한데요 혹시 사진 찍어 주실 수 있어요?"",""네, 물론이죠!"",""제가 도와줄게요!""]",
1199,45,"word_order","""Excuse me, could you tell me where the subway station is?""","죄송한데요 혹시 도와주실 수 있어요",,"[""도와주실"",""죄송한데요"",""수"",""없어요"",""혹시"",""있어요""]"
1200,46,"translation","""How long has it been since you came to Korea?""","한국 온 지 얼마나 됐어?","[""거의 다 됐어!"",""진짜? 대단해!"",""저도!"",""한국 온 지 얼마나 됐어?""]",
1201,46,"translation","""How long have you been studying Korean?""","한국어 공부한 지 얼마나 됐어요?","[""아직 한국어 배우는 중이에요."",""한국어 공부한 지 얼마나 됐어요?"",""저도!"",""6개월 됐어!""]",
1202,46,"fill_blank","한국어 공부한 ___?","지 얼마나 됐어요","[""지 얼마나 됐어요"",""봐요"",""몰라요"",""없어요""]",
1203,46,"word_order","""How long has it been since you came to Korea?""","한국 온 지 얼마나 됐어",,"[""온"",""지"",""한국"",""얼마나"",""됐어"",""없어요""]"
1204,46,"translation","""I'm still eating. Wait just a moment.""","아직 한국어 배우는 중이에요.","[""다 됐어!"",""저도!"",""아직 한국어 배우는 중이에요."",""거의 다 됐어!""]",
1205,46,"translation","""I'm still getting ready. Just 5 more minutes.""","아직 준비하는 중이에요. 5분만요.","[""그래도 잘 하잖아!"",""시작한 지 얼마 안 됐어요."",""아직 준비하는 중이에요. 5분만요."",""6개월 됐어!""]",
1206,46,"word_order","""I'm still eating. Wait just a moment.""","아직 한국어 배우는 중이에요",,"[""아직"",""한국어"",""중이에요"",""배우는"",""없어요""]"
1207,46,"translation","""Wait just a little. It's almost done.""","거의 다 됐어!","[""한국 온 지 얼마나 됐어?"",""거의 다 됐어!"",""다 됐어!"",""시작한 지 얼마 안 됐어요.""]",
1208,46,"translation","""My homework is almost done. Give me 5 minutes.""","숙제 거의 다 됐어요. 5분만 주세요.","[""숙제 거의 다 됐어요. 5분만 주세요."",""진짜? 대단해!"",""6개월 됐어!"",""시작한 지 얼마 안 됐어요.""]",
1209,46,"fill_blank","숙제 ___. 5분만 주세요.","거의 다 됐어요","[""봐요"",""안 돼요"",""없어요"",""거의 다 됐어요""]",
1210,46,"word_order","""Wait just a little. It's almost done.""","거의 다 됐어",,"[""됐어"",""거의"",""없어요"",""다""]"
1211,47,"translation","""What music style do you like?""","에마야, 어떤 스타일 좋아해?","[""진짜?"",""이 가방 어디 거야?"",""에마야, 어떤 스타일 좋아해?"",""이 옷 에마한테 진짜 잘 어울려!""]",
1212,47,"translation","""Do you prefer casual style or formal style?""","캐주얼 스타일 좋아해요, 아니면 포멀 스타일 좋아해요?","[""네, 물론이죠!"",""한번 입어 봐도 돼?"",""이 가방 어디 거야?"",""캐주얼 스타일 좋아해요, 아니면 포멀 스타일 좋아해요?""]",
1213,47,"fill_blank","캐주얼 스타일 좋아해요, 아니면 포멀 ___?","스타일 좋아해요","[""해요"",""없어요"",""몰라요"",""스타일 좋아해요""]",
1214,47,"word_order","""What music style do you like?""","에마야 어떤 스타일 좋아해",,"[""없어요"",""좋아해"",""스타일"",""에마야"",""어떤""]"
1215,47,"translation","""That outfit suits you really well!""","에마야, 어떤 스타일 좋아해?","[""이 옷 에마한테 진짜 잘 어울려!"",""한국 브랜드야."",""진짜? 나도 해봐야겠다."",""에마야, 어떤 스타일 좋아해?""]",
1216,47,"translation","""That hair color suits you perfectly.""","그 머리색이 잘 어울려요.","[""그 머리색이 잘 어울려요."",""이 스타일 요즘 유행이야."",""한국 브랜드야."",""한번 입어 봐도 돼?""]",
1217,47,"fill_blank","그 머리색이 ___.","잘 어울려요","[""잘 어울려요"",""해요"",""없어요"",""몰라요""]",
1218,47,"word_order","""That outfit suits you really well!""","에마야 어떤 스타일 좋아해",,"[""좋아해"",""어떤"",""없어요"",""스타일"",""에마야""]"
1219,47,"translation","""This color is trending these days.""","이 스타일 요즘 유행이야.","[""캐주얼!"",""네, 물론이죠!"",""진짜? 나도 해봐야겠다."",""이 스타일 요즘 유행이야.""]",
1220,47,"translation","""Short-form videos are all the rage these days.""","숏폼 영상이 요즘 유행이에요.","[""한번 입어 봐도 돼?"",""에마야, 어떤 스타일 좋아해?"",""숏폼 영상이 요즘 유행이에요."",""진짜?""]",
1221,47,"fill_blank","숏폼 영상이 ___.","요즘 유행이에요","[""없어요"",""요즘 유행이에요"",""몰라요"",""해요""]",
1222,47,"word_order","""This color is trending these days.""","이 스타일 요즘 유행이야",,"[""없어요"",""유행이야"",""스타일"",""요즘"",""이""]"
1223,48,"translation","""I don't want to go out. Let's order delivery.""","오늘 배달 시켜!","[""너무 맛있어서 또 시킬 거야!"",""오늘 배달 시켜!"",""한국 배달 문화 진짜 좋아!"",""치킨 배달 시켜!""]",
1224,48,"translation","""Let's order delivery. What do you want to eat?""","배달 시켜요. 뭐 먹고 싶어요?","[""치킨 배달 시켜!"",""배달 시켜요. 뭐 먹고 싶어요?"",""너무 맛있어서 또 시킬 거야!"",""좋아! 뭐 먹을 거야?""]",
1225,48,"fill_blank","___. 뭐 먹고 싶어요?","배달 시켜요","[""해요"",""없어요"",""안 돼요"",""배달 시켜요""]",
1226,48,"word_order","""I don't want to go out. Let's order delivery.""","오늘 배달 시켜",,"[""없어요"",""오늘"",""배달"",""시켜""]"
1227,48,"translation","""How long does delivery take? I'm really hungry.""","배달 얼마나 걸려?","[""배달 얼마나 걸려?"",""오늘 배달 시켜!"",""가성비 좋은 데로 시키자."",""30분이래요.""]",
1228,48,"translation","""How long does delivery take from this restaurant?""","이 음식점은 배달 얼마나 걸려요?","[""이 음식점은 배달 얼마나 걸려요?"",""너무 맛있어서 또 시킬 거야!"",""저 여기 단골이에요."",""가성비 좋은 데로 시키자.""]",
1229,48,"fill_blank","이 음식점은 ___?","배달 얼마나 걸려요","[""몰라요"",""해요"",""배달 얼마나 걸려요"",""봐요""]",
1230,48,"word_order","""How long does delivery take? I'm really hungry.""","배달 얼마나 걸려",,"[""배달"",""걸려"",""없어요"",""얼마나""]"
1231,48,"translation","""This restaurant is great value. The portions are big too.""","좋아! 뭐 먹을 거야?","[""좋아! 뭐 먹을 거야?"",""한국 배달 문화 진짜 좋아!"",""치킨 배달 시켜!"",""너무 맛있어서 또 시킬 거야!""]",
1232,48,"translation","""This hotel is great value. I recommend it.""","이 호텔 가성비 좋아요. 추천해요.","[""이 호텔 가성비 좋아요. 추천해요."",""저 여기 단골이에요."",""배달 얼마나 걸려?"",""치킨 배달 시켜!""]",
1233,48,"fill_blank","이 호텔 ___. 추천해요.","가성비 좋아요","[""봐요"",""가성비 좋아요"",""안 돼요"",""몰라요""]",
1234,48,"word_order","""This restaurant is great value. The portions are big too.""","좋아 뭐 먹을 거야",,"[""거야"",""먹을"",""좋아"",""뭐"",""없어요""]"
1235,49,"translation","""Do you have any travel plans this summer?""","에마야, 여행 계획 있어?","[""에마야, 여행 계획 있어?"",""혼자 여행이야?"",""꼭 봐야 할 게 뭐예요?"",""여행 코스 추천해 줘요!""]",
1236,49,"translation","""Do you have plans to travel to Korea? Let's go together!""","한국 여행 계획 있어요? 같이 가요!","[""한라산이랑 올레길!"",""혼자 여행이야?"",""한국 여행 계획 있어요? 같이 가요!"",""성산일출봉 꼭 가봐.""]",
1237,49,"fill_blank","한국 ___? 같이 가요!","여행 계획 있어요","[""봐요"",""없어요"",""여행 계획 있어요"",""몰라요""]",
1238,49,"word_order","""Do you have any travel plans this summer?""","에마야 여행 계획 있어",,"[""없어요"",""여행"",""에마야"",""있어"",""계획""]"
1239,49,"translation","""How many days will you be staying in Korea?""","네! 혼자 가볼 거예요.","[""네! 혼자 가볼 거예요."",""혼자 여행이야?"",""3박 4일요!"",""한라산이랑 올레길!""]",
1240,49,"translation","""How many days are you planning to stay in Jeju?""","제주도에 며칠이나 있을 거예요?","[""에마야, 여행 계획 있어?"",""꼭 봐야 할 게 뭐예요?"",""성산일출봉 꼭 가봐."",""제주도에 며칠이나 있을 거예요?""]",
1241,49,"fill_blank","제주도에 ___?","며칠이나 있을 거예요","[""해요"",""며칠이나 있을 거예요"",""안 돼요"",""몰라요""]",
1242,49,"word_order","""How many days will you be staying in Korea?""","네 혼자 가볼 거예요",,"[""거예요"",""가볼"",""없어요"",""혼자"",""네""]"
1243,49,"translation","""What's a must-see in Seoul?""","꼭 봐야 할 게 뭐예요?","[""혼자 여행이야?"",""에마야, 여행 계획 있어?"",""3박 4일요!"",""꼭 봐야 할 게 뭐예요?""]",
1244,49,"translation","""It's my first time in Korea. What must I see?""","한국에 처음 왔어요. 꼭 봐야 할 게 뭐예요?","[""3박 4일요!"",""제주도 가고 싶어요!"",""며칠이나 있을 거야?"",""한국에 처음 왔어요. 꼭 봐야 할 게 뭐예요?""]",
1245,49,"fill_blank","___?","꼭 봐야 할 게 뭐예요","[""없어요"",""해요"",""꼭 봐야 할 게 뭐예요"",""몰라요""]",
1246,49,"fill_blank","한국에 처음 왔어요. ___?","꼭 봐야 할 게 뭐예요","[""해요"",""안 돼요"",""없어요"",""꼭 봐야 할 게 뭐예요""]",
1247,49,"word_order","""What's a must-see in Seoul?""","꼭 봐야 할 게 뭐예요",,"[""봐야"",""없어요"",""게"",""할"",""꼭"",""뭐예요""]"
1248,50,"translation","""How's life in Korea? Is it fun?""","에마야, 한국 생활 어때?","[""에마야, 한국 생활 어때?"",""진짜? 대단하다."",""이제 많이 익숙해졌어!"",""언어가 아직 좀 어려워.""]",
1249,50,"translation","""How's life in Korea? Is there anything you find hard?""","한국 생활 어때? 힘든 점 없어?","[""너무 좋아!"",""한국 생활 어때? 힘든 점 없어?"",""뭐가 제일 힘들어?"",""언어가 아직 좀 어려워.""]",
1250,50,"fill_blank","에마야, ___?","한국 생활 어때","[""안 돼요"",""한국 생활 어때"",""봐요"",""몰라요""]",
1251,50,"fill_blank","___? 힘든 점 없어?","한국 생활 어때","[""안 돼요"",""한국 생활 어때"",""해요"",""몰라요""]",
1252,50,"word_order","""How's life in Korea? Is it fun?""","에마야 한국 생활 어때",,"[""한국"",""어때"",""에마야"",""생활"",""없어요""]"
1253,50,"translation","""It was tough at first, but I'm used to it now.""","이제 많이 익숙해졌어!","[""뭐가 제일 힘들어?"",""음식이 제일 좋아!"",""언어가 아직 좀 어려워."",""이제 많이 익숙해졌어!""]",
1254,50,"translation","""I'm used to Korean food now. I eat everything.""","한국 음식 이제 익숙해졌어. 다 잘 먹어.","[""우리도 에마한테 정 들었어!"",""힘든 점도 있어?"",""한국 음식 이제 익숙해졌어. 다 잘 먹어."",""음식이 제일 좋아!""]",
1255,50,"fill_blank","한국 음식 ___. 다 잘 먹어.","이제 익숙해졌어","[""몰라요"",""봐요"",""없어요"",""이제 익숙해졌어""]",
1256,50,"word_order","""It was tough at first, but I'm used to it now.""","이제 많이 익숙해졌어",,"[""없어요"",""익숙해졌어"",""많이"",""이제""]"
1257,50,"translation","""Among Korean foods, I like samgyeopsal the most.""","음식이 제일 좋아!","[""진짜? 대단하다."",""음식이 제일 좋아!"",""우리도 에마한테 정 들었어!"",""에마야, 한국 생활 어때?""]",
1258,50,"translation","""Fall is my favorite season.""","계절 중에 가을이 제일 좋아.","[""언어가 아직 좀 어려워."",""계절 중에 가을이 제일 좋아."",""너무 좋아!"",""진짜? 대단하다.""]",
1259,50,"fill_blank","음식___!","이 제일 좋아","[""해요"",""이 제일 좋아"",""몰라요"",""봐요""]",
1260,50,"fill_blank","계절 중에 가을___.","이 제일 좋아","[""안 돼요"",""없어요"",""해요"",""이 제일 좋아""]",
1261,50,"word_order","""Among Korean foods, I like samgyeopsal the most.""","음식이 제일 좋아",,"[""없어요"",""좋아"",""음식이"",""제일""]"
1262,51,"translation","""I'm planning to take a Korean exam next year.""","응원해!","[""좋은 방법이에요."",""1년 안에 유창해지고 싶어요."",""응원해!"",""이번엔 꼭 할 거예요.""]",
1263,51,"translation","""I'm planning to cook dinner tonight.""","오늘 저녁에 요리하려고 해요.","[""좋은 방법이에요."",""이번엔 꼭 할 거예요."",""오늘 저녁에 요리하려고 해요."",""에마, 앞으로 뭐 할 거야?""]",
1264,51,"fill_blank","오늘 저녁에 요리하___.","려고 해요","[""없어요"",""해요"",""려고 해요"",""안 돼요""]",
1265,51,"translation","""I want to live in Korea.""","1년 안에 유창해지고 싶어요.","[""1년 안에 유창해지고 싶어요."",""좋은 방법이에요."",""이번엔 꼭 할 거예요."",""좋아!""]",
1266,51,"translation","""I want to speak Korean fluently.""","한국어를 유창하게 말하고 싶어요.","[""한국어 더 열심히 공부할 거야!"",""한국어를 유창하게 말하고 싶어요."",""매일 조금씩 하려고 해요."",""할 수 있어!""]",
1267,51,"fill_blank","1년 안에 유창해지___.","고 싶어요","[""해요"",""없어요"",""안 돼요"",""고 싶어요""]",
1268,51,"fill_blank","한국어를 유창하게 말하___.","고 싶어요","[""몰라요"",""고 싶어요"",""봐요"",""없어요""]",
1269,51,"word_order","""I want to live in Korea.""","1년 안에 유창해지고 싶어요",,"[""안에"",""응원해요!"",""1년"",""싶어요"",""유창해지고""]"
1270,51,"translation","""I'm going to meet a friend tomorrow.""","에마, 앞으로 뭐 할 거야?","[""에마, 앞으로 뭐 할 거야?"",""이번엔 꼭 할 거예요."",""할 수 있어!"",""응원해!""]",
1271,51,"translation","""I'm going to watch a movie this weekend.""","이번 주말에 영화 볼 거예요.","[""이번 주말에 영화 볼 거예요."",""1년 안에 유창해지고 싶어요."",""같이 해요, 우리!"",""한국어 더 열심히 공부할 거야!""]",
1272,51,"word_order","""I'm going to meet a friend tomorrow.""","에마 앞으로 뭐 할 거야",,"[""거야"",""할"",""앞으로"",""에마"",""뭐"",""응원해요!""]"
1273,52,"translation","""I've decided to live in Korea.""","한국어를 더 열심히 공부하기로 했어요!","[""응원해!"",""한국어를 더 열심히 공부하기로 했어요!"",""에마야, 요즘 어때?"",""포기하지 않기로 했어요.""]",
1274,52,"translation","""I've decided to attend a Korean language school next year.""","내년에 한국어 학원에 다니기로 했어요.","[""맞아, 티 나!"",""잘했어!"",""앞으로도 계속 할 거예요!"",""내년에 한국어 학원에 다니기로 했어요.""]",
1275,52,"fill_blank","한국어를 더 열심히 공부하___!","기로 했어요","[""기로 했어요"",""몰라요"",""해요"",""없어요""]",
1276,52,"fill_blank","내년에 한국어 학원에 다니___.","기로 했어요","[""해요"",""기로 했어요"",""봐요"",""몰라요""]",
1277,52,"word_order","""I've decided to live in Korea.""","한국어를 더 열심히 공부하기로 했어요",,"[""했어요"",""더"",""한국어를"",""공부하기로"",""열심히"",""없어요""]"
1278,52,"translation","""I've made up my mind to get really good at Korean.""","더 열심히 하기로 마음먹었어요.","[""화이팅!"",""한국어를 더 열심히 공부하기로 했어요!"",""앞으로도 계속 할 거예요!"",""더 열심히 하기로 마음먹었어요.""]",
1279,52,"translation","""I've decided not to give up this time.""","이번엔 포기하지 않기로 마음먹었어요.","[""예전보다 많이 늘었어요."",""이번엔 포기하지 않기로 마음먹었어요."",""한국어를 더 열심히 공부하기로 했어요!"",""화이팅!""]",
1280,52,"fill_blank","더 열심히 하기로 ___.","마음먹었어요","[""봐요"",""몰라요"",""마음먹었어요"",""없어요""]",
1281,52,"fill_blank","이번엔 포기하지 않기로 ___.","마음먹었어요","[""봐요"",""마음먹었어요"",""없어요"",""안 돼요""]",
1282,52,"word_order","""I've made up my mind to get really good at Korean.""","더 열심히 하기로 마음먹었어요",,"[""열심히"",""더"",""없어요"",""하기로"",""마음먹었어요""]"
1283,52,"translation","""My Korean has improved compared to before.""","예전보다 많이 늘었어요.","[""예전보다 많이 늘었어요."",""화이팅!"",""한국어를 더 열심히 공부하기로 했어요!"",""앞으로도 계속 할 거예요!""]",
1284,52,"translation","""My cooking has gotten better than it used to be.""","요리 실력이 예전보다 늘었어요.","[""응원해!"",""요리 실력이 예전보다 늘었어요."",""에마야, 요즘 어때?"",""앞으로도 계속 할 거예요!""]",
1285,52,"fill_blank","요리 실력이 ___.","예전보다 늘었어요","[""안 돼요"",""해요"",""없어요"",""예전보다 늘었어요""]",
1286,52,"word_order","""My Korean has improved compared to before.""","예전보다 많이 늘었어요",,"[""예전보다"",""없어요"",""늘었어요"",""많이""]"
1287,53,"translation","""Have you tried bibimbap? It's really delicious.""","에마야, 순대 먹어봤어?","[""친구도 좋아했어!"",""에마야, 순대 먹어봤어?"",""반응이 어때?"",""먹어보니까 완전 달라.""]",
1288,53,"translation","""Have you watched a Korean drama? It's so fun.""","한국 드라마 본 적 있어? 재미있어.","[""그렇지?"",""한국 드라마 본 적 있어? 재미있어."",""친구한테도 추천해줬어."",""반응이 어때?""]",
1289,53,"word_order","""Have you tried bibimbap? It's really delicious.""","에마야 순대 먹어봤어",,"[""순대"",""없어요"",""에마야"",""먹어봤어""]"
1290,53,"translation","""Now that I've studied Korean, it's more fun than I expected.""","먹어보니까 완전 달라.","[""먹어보니까 완전 달라."",""친구한테도 추천해줬어."",""그렇지?"",""(먹으며) 생각보다 맛있어!""]",
1291,53,"translation","""Now that I've tried it, it's not spicy at all.""","먹어 보니까 맵지 않아요.","[""먹어 보니까 맵지 않아요."",""아니! 처음이야."",""친구도 좋아했어!"",""(먹으며) 생각보다 맛있어!""]",
1292,53,"fill_blank","먹어___ 완전 달라.","보니까","[""보니까"",""안 돼요"",""봐요"",""몰라요""]",
1293,53,"fill_blank","먹어 ___ 맵지 않아요.","보니까","[""없어요"",""보니까"",""몰라요"",""안 돼요""]",
1294,53,"word_order","""Now that I've studied Korean, it's more fun than I expected.""","먹어보니까 완전 달라",,"[""먹어보니까"",""완전"",""없어요"",""달라""]"
1295,53,"translation","""My friend recommended this restaurant. They say it's delicious.""","친구한테도 추천해줬어.","[""한번 먹어봐!"",""먹어보니까 완전 달라."",""친구한테도 추천해줬어."",""그렇지?""]",
1296,53,"translation","""My teacher recommended this book to me.""","선생님이 이 책 추천해줬어.","[""아니! 처음이야."",""먹어보니까 완전 달라."",""다행이다."",""선생님이 이 책 추천해줬어.""]",
1297,53,"fill_blank","친구한테도 ___.","추천해줬어","[""해요"",""추천해줬어"",""안 돼요"",""봐요""]",
1298,53,"fill_blank","선생님이 이 책 ___.","추천해줬어","[""봐요"",""추천해줬어"",""안 돼요"",""없어요""]",
1299,53,"word_order","""My friend recommended this restaurant. They say it's delicious.""","친구한테도 추천해줬어",,"[""추천해줬어"",""친구한테도"",""없어요""]"
1300,54,"translation","""Can you teach me this dish? I want to learn how to make it.""","응! 가르쳐줄 수 있어?","[""나는 한국어, 넌 영어!"",""지수야, 영어 배우고 싶어?"",""응! 가르쳐줄 수 있어?"",""'그리워'는 'I miss you'야.""]",
1301,54,"translation","""Can you teach me Korean pronunciation?""","한국어 발음 가르쳐줄 수 있어?","[""나도!"",""'그리워'는 'I miss you'야."",""응, 근데 이렇게 하면 더 자연스러워."",""한국어 발음 가르쳐줄 수 있어?""]",
1302,54,"fill_blank","응! ___?","가르쳐줄 수 있어","[""가르쳐줄 수 있어"",""안 돼요"",""봐요"",""해요""]",
1303,54,"fill_blank","한국어 발음 ___?","가르쳐줄 수 있어","[""가르쳐줄 수 있어"",""없어요"",""해요"",""봐요""]",
1304,54,"word_order","""Can you teach me this dish? I want to learn how to make it.""","응 가르쳐줄 수 있어",,"[""수"",""없어요"",""가르쳐줄"",""있어"",""응""]"
1305,54,"translation","""This is Hongdae station, right?""","에마야, 이 표현 맞아?","[""덕분에 많이 배웠어!"",""언어 교환이네!"",""나도!"",""에마야, 이 표현 맞아?""]",
1306,54,"translation","""We're meeting at 2 o'clock tomorrow, right?""","내일 2시에 만나는 거 맞아?","[""나도!"",""지수야, 이거 한국어로 어떻게 해?"",""내일 2시에 만나는 거 맞아?"",""지수야, 영어 배우고 싶어?""]",
1307,54,"fill_blank","에마야, 이 표현 ___?","맞아","[""해요"",""없어요"",""맞아"",""몰라요""]",
1308,54,"fill_blank","내일 2시에 만나는 거 ___?","맞아","[""봐요"",""맞아"",""없어요"",""안 돼요""]",
1309,54,"word_order","""This is Hongdae station, right?""","에마야 이 표현 맞아",,"[""표현"",""맞아"",""없어요"",""이"",""에마야""]"
1310,54,"translation","""How do you use this app? It's my first time.""","지수야, 이거 한국어로 어떻게 해?","[""응! 가르쳐줄 수 있어?"",""지수야, 이거 한국어로 어떻게 해?"",""나는 한국어, 넌 영어!"",""언어 교환이네!""]",
1311,54,"translation","""How do you order delivery in Korea?""","한국에서 배달 주문 어떻게 해?","[""응, 근데 이렇게 하면 더 자연스러워."",""덕분에 많이 배웠어!"",""지수야, 영어 배우고 싶어?"",""한국에서 배달 주문 어떻게 해?""]",
1312,54,"fill_blank","지수야, 이거 한국어로 ___?","어떻게 해","[""봐요"",""없어요"",""어떻게 해"",""안 돼요""]",
1313,54,"fill_blank","한국에서 배달 주문 ___?","어떻게 해","[""어떻게 해"",""해요"",""봐요"",""안 돼요""]",
1314,54,"word_order","""How do you use this app? It's my first time.""","지수야 이거 한국어로 어떻게 해",,"[""해"",""이거"",""어떻게"",""없어요"",""지수야"",""한국어로""]"
1315,55,"translation","""Have you ever tried making kimchi? Is it hard?""","에마야, 김치찌개 만들어봤어?","[""이렇게 하면 돼."",""맛있어!! 내가 만들었어!"",""에마야, 김치찌개 만들어봤어?"",""이거 얼마나 넣어?""]",
1316,55,"translation","""Have you ever tried making a homemade cake?""","홈메이드 케이크 만들어봤어?","[""다 됐어?"",""응! 맛봐봐."",""홈메이드 케이크 만들어봤어?"",""잘했어!""]",
1317,55,"fill_blank","에마야, 김치찌개 ___?","만들어봤어","[""해요"",""만들어봤어"",""몰라요"",""없어요""]",
1318,55,"fill_blank","홈메이드 케이크 ___?","만들어봤어","[""없어요"",""안 돼요"",""만들어봤어"",""봐요""]",
1319,55,"word_order","""Have you ever tried making kimchi? Is it hard?""","에마야 김치찌개 만들어봤어",,"[""김치찌개"",""만들어봤어"",""에마야"",""없어요""]"
1320,55,"translation","""How much sugar do you add? I think it'll be too sweet.""","이거 얼마나 넣어?","[""먼저 재료 준비해."",""이거 얼마나 넣어?"",""에마야, 김치찌개 만들어봤어?"",""아니! 가르쳐줘.""]",
1321,55,"translation","""How much salt do you put in? It's not in the recipe.""","소금 얼마나 넣어? 레시피에 없어.","[""먼저 재료 준비해."",""응! 맛봐봐."",""소금 얼마나 넣어? 레시피에 없어."",""잘했어!""]",
1322,55,"fill_blank","이거 ___?","얼마나 넣어","[""없어요"",""봐요"",""몰라요"",""얼마나 넣어""]",
1323,55,"fill_blank","소금 ___? 레시피에 없어.","얼마나 넣어","[""안 돼요"",""몰라요"",""얼마나 넣어"",""해요""]",
1324,55,"word_order","""How much sugar do you add? I think it'll be too sweet.""","이거 얼마나 넣어",,"[""이거"",""없어요"",""얼마나"",""넣어""]"
1325,55,"translation","""Just press this button. It's easy.""","에마야, 김치찌개 만들어봤어?","[""응! 맛봐봐."",""맛있어!! 내가 만들었어!"",""에마야, 김치찌개 만들어봤어?"",""다 됐어?""]",
1326,55,"translation","""Just turn left from here.""","여기서 왼쪽으로 꺾으면 돼.","[""맛있어!! 내가 만들었어!"",""먼저 재료 준비해."",""다 됐어?"",""여기서 왼쪽으로 꺾으면 돼.""]",
1327,55,"word_order","""Just press this button. It's easy.""","에마야 김치찌개 만들어봤어",,"[""김치찌개"",""에마야"",""만들어봤어"",""없어요""]"
1328,56,"translation","""I'm going to buy new sneakers today.""","에마, 뭐 살 거야?","[""쇼핑 어때?"",""에마, 뭐 살 거야?"",""너무 재미있어!"",""네!""]",
1329,56,"translation","""I'm going to buy a birthday gift this week.""","이번 주에 생일 선물 살 거예요.","[""카드로 할게요."",""잘 어울릴 것 같아!"",""이번 주에 생일 선물 살 거예요."",""쇼핑 어때?""]",
1330,56,"fill_blank","이번 주에 생일 선물 ___.","살 거예요","[""봐요"",""해요"",""안 돼요"",""살 거예요""]",
1331,56,"word_order","""I'm going to buy new sneakers today.""","에마 뭐 살 거야",,"[""거야"",""살"",""에마"",""없어요"",""뭐""]"
1332,56,"translation","""How is this outfit? Does it suit me?""","이거 어때?","[""한국 옷 사고 싶어!"",""이거 어때?"",""카드로 할게요."",""에마, 뭐 살 거야?""]",
1333,56,"translation","""How is this? Will it work as a gift?""","이거 어때요? 선물로 괜찮을까요?","[""잘 어울릴 것 같아!"",""좀 깎아주실 수 있어?"",""이미 세일 중이에요."",""이거 어때요? 선물로 괜찮을까요?""]",
1334,56,"fill_blank","___? 선물로 괜찮을까요?","이거 어때요","[""해요"",""이거 어때요"",""몰라요"",""안 돼요""]",
1335,56,"word_order","""How is this outfit? Does it suit me?""","이거 어때",,"[""이거"",""없어요"",""어때""]"
1336,56,"translation","""I'll pay by card. I don't have any cash.""","카드로 할게요.","[""잘 어울릴 것 같아!"",""좀 깎아주실 수 있어?"",""카드로 할게요."",""네!""]",
1337,56,"translation","""I'll pay by card. Is a credit card okay?""","카드로 할게요. 신용카드도 돼요?","[""카드로 할게요. 신용카드도 돼요?"",""너무 재미있어!"",""좀 깎아주실 수 있어?"",""에마, 뭐 살 거야?""]",
1338,56,"fill_blank","___.","카드로 할게요","[""안 돼요"",""카드로 할게요"",""봐요"",""몰라요""]",
1339,56,"fill_blank","___. 신용카드도 돼요?","카드로 할게요","[""몰라요"",""카드로 할게요"",""해요"",""안 돼요""]",
1340,56,"word_order","""I'll pay by card. I don't have any cash.""","카드로 할게요",,"[""카드로"",""없어요"",""할게요""]"
1341,57,"translation","""Have you been to a Korean noraebang? It's really fun.""","지수야, 알바 해봤어?","[""처음엔 힘들었는데 재미있었어."",""진짜? 나도 해보고 싶어!"",""지수야, 알바 해봤어?"",""응! 카페에서 했어.""]",
1342,57,"translation","""Have you tried skydiving?""","스카이다이빙 해봤어?","[""진짜? 나도 해보고 싶어!"",""스카이다이빙 해봤어?"",""열심히 하면 돼."",""어땠어?""]",
1343,57,"fill_blank","지수야, 알바 ___?","해봤어","[""어땠어"",""해봤어"",""없어요"",""몰라요""]",
1344,57,"fill_blank","스카이다이빙 ___?","해봤어","[""어땠어"",""몰라요"",""봐요"",""해봤어""]",
1345,57,"word_order","""Have you been to a Korean noraebang? It's really fun.""","지수야 알바 해봤어",,"[""알바"",""해봤어"",""지수야"",""어땠어?""]"
1346,57,"translation","""How was your blind date yesterday?""","어땠어?","[""어땠어?"",""고마워!"",""화이팅!"",""열심히 하면 돼.""]",
1347,57,"translation","""How did the interview go? Did it go well?""","면접 어땠어? 잘 됐어?","[""도전해볼게!"",""면접 어땠어? 잘 됐어?"",""응! 카페에서 했어."",""화이팅!""]",
1348,57,"fill_blank","___?","어땠어","[""해요"",""안 돼요"",""몰라요"",""어땠어""]",
1349,57,"fill_blank","면접 ___? 잘 됐어?","어땠어","[""몰라요"",""안 돼요"",""어땠어"",""없어요""]",
1350,57,"translation","""Just press this button. It's easy.""","지수야, 알바 해봤어?","[""응! 카페에서 했어."",""지수야, 알바 해봤어?"",""고마워!"",""진짜? 나도 해보고 싶어!""]",
1351,57,"translation","""Just turn left from here.""","여기서 왼쪽으로 꺾으면 돼.","[""응! 카페에서 했어."",""여기서 왼쪽으로 꺾으면 돼."",""고마워!"",""덕분에 한국어도 더 늘었어.""]",
1352,57,"word_order","""Just press this button. It's easy.""","지수야 알바 해봤어",,"[""알바"",""어땠어?"",""지수야"",""해봤어""]"
1353,58,"translation","""I want to receive flowers for my birthday.""","진찰받고 싶어요.","[""(다음날) 많이 나았어요!"",""진찰받고 싶어요."",""언제부터 아팠어요?"",""어제부터요.""]",
1354,58,"translation","""I want to receive a handwritten letter from someone.""","누군가한테 편지 받고 싶어요.","[""이 약 드세요."",""누군가한테 편지 받고 싶어요."",""언제부터 아팠어요?"",""어제부터요.""]",
1355,58,"fill_blank","진찰___.","받고 싶어요","[""해요"",""몰라요"",""안 돼요"",""받고 싶어요""]",
1356,58,"fill_blank","누군가한테 편지 ___.","받고 싶어요","[""받고 싶어요"",""몰라요"",""안 돼요"",""봐요""]",
1357,58,"word_order","""I want to receive flowers for my birthday.""","진찰받고 싶어요",,"[""없어요"",""진찰받고"",""싶어요""]"
1358,58,"translation","""Where does it hurt? Do you need to go to the hospital?""","어디가 아파요?","[""어디가 아파요?"",""어제부터요."",""이 약 드세요."",""진찰받고 싶어요.""]",
1359,58,"translation","""Where does it hurt? You look like you're suffering a lot.""","어디가 아파요? 많이 힘들어 보여요.","[""어디가 아파요? 많이 힘들어 보여요."",""하루에 몇 번이요?"",""진찰받고 싶어요."",""어제부터요.""]",
1360,58,"fill_blank","___?","어디가 아파요","[""어디가 아파요"",""몰라요"",""없어요"",""봐요""]",
1361,58,"fill_blank","___? 많이 힘들어 보여요.","어디가 아파요","[""없어요"",""안 돼요"",""봐요"",""어디가 아파요""]",
1362,58,"word_order","""Where does it hurt? Do you need to go to the hospital?""","어디가 아파요",,"[""없어요"",""어디가"",""아파요""]"
1363,58,"translation","""Since when have you been in pain? Since yesterday?""","언제부터 아팠어요?","[""어디가 아파요?"",""언제부터 아팠어요?"",""다행이다!"",""어디가 불편하세요?""]",
1364,58,"translation","""Since when has your head been hurting?""","머리가 언제부터 아팠어요?","[""어디가 아파요?"",""진찰받고 싶어요."",""배가 많이 아파요."",""머리가 언제부터 아팠어요?""]",
1365,58,"fill_blank","___?","언제부터 아팠어요","[""몰라요"",""봐요"",""언제부터 아팠어요"",""없어요""]",
1366,58,"fill_blank","머리가 ___?","언제부터 아팠어요","[""없어요"",""봐요"",""안 돼요"",""언제부터 아팠어요""]",
1367,58,"word_order","""Since when have you been in pain? Since yesterday?""","언제부터 아팠어요",,"[""없어요"",""언제부터"",""아팠어요""]"
1368,59,"translation","""Have you been to Jeju Island before?""","에마, 여기 와 봤어?","[""조용해서 공부하기 좋아요."",""좋아!"",""아니! 처음이야."",""에마, 여기 와 봤어?""]",
1369,59,"translation","""Have you been to this café before? Is it your first time?""","이 카페에 와 봤어요? 처음이에요?","[""네, 저쪽에 있어요."",""다음에 또 와!"",""이 카페에 와 봤어요? 처음이에요?"",""조용해서 공부하기 좋아요.""]",
1370,59,"fill_blank","이 카페에 ___? 처음이에요?","와 봤어요","[""와 봤어요"",""안 돼요"",""없어요"",""봐요""]",
1371,59,"word_order","""Have you been to Jeju Island before?""","에마 여기 와 봤어",,"[""없어요"",""와"",""여기"",""에마"",""봤어""]"
1372,59,"translation","""This place is great for taking photos.""","분위기 진짜 좋아요.","[""분위기 진짜 좋아요."",""네, 저쪽에 있어요."",""다음에 또 와!"",""조용해서 공부하기 좋아요.""]",
1373,59,"translation","""This café is great for studying. It's very quiet.""","이 카페 공부하기 좋아요. 조용해요.","[""이 책 재미있을 것 같아요."",""다음에 또 와!"",""한국어 책 있어?"",""이 카페 공부하기 좋아요. 조용해요.""]",
1374,59,"fill_blank","이 카페 공부___. 조용해요.","하기 좋아요","[""안 돼요"",""하기 좋아요"",""몰라요"",""봐요""]",
1375,59,"word_order","""This place is great for taking photos.""","분위기 진짜 좋아요",,"[""분위기"",""없어요"",""좋아요"",""진짜""]"
1376,59,"translation","""Is there a seat?""","한국어 책 있어?","[""좋아!"",""한국어 책 있어?"",""조용해서 공부하기 좋아요."",""분위기 진짜 좋아요.""]",
1377,59,"translation","""Is there Wi-Fi?""","와이파이 있어요?","[""이 책 재미있을 것 같아요."",""아니! 처음이야."",""네, 저쪽에 있어요."",""와이파이 있어요?""]",
1378,59,"fill_blank","와이파이 ___?","있어요","[""봐요"",""있어요"",""안 돼요"",""몰라요""]",
1379,59,"word_order","""Is there a seat?""","한국어 책 있어",,"[""있어"",""책"",""없어요"",""한국어""]"
1380,60,"translation","""What's your favorite among Korean foods?""","에마야, 한국 음식 중에 뭐가 제일 좋아?","[""맞아!"",""맵고 달아서 중독성 있어요."",""어떻게 달라?"",""에마야, 한국 음식 중에 뭐가 제일 좋아?""]",
1381,60,"translation","""Which country you've visited did you like the most?""","가본 나라 중에 뭐가 제일 좋아요?","[""우리나라는 덜 매워요."",""근데 한국 음식이 더 맛있는 것 같아요!"",""가본 나라 중에 뭐가 제일 좋아요?"",""ㅎㅎ 고마워!""]",
1382,60,"fill_blank","가본 나라 ___?","중에 뭐가 제일 좋아요","[""중에 뭐가 제일 좋아요"",""봐요"",""안 돼요"",""해요""]",
1383,60,"word_order","""What's your favorite among Korean foods?""","에마야 한국 음식 중에 뭐가 제일 좋아",,"[""한국"",""없어요"",""음식"",""에마야"",""좋아"",""중에"",""제일"",""뭐가""]"
1384,60,"translation","""This song is addictive because the melody is so good.""","맵고 달아서 중독성 있어요.","[""맵고 달아서 중독성 있어요."",""에마야, 한국 음식 중에 뭐가 제일 좋아?"",""맞아!"",""아, 그렇구나.""]",
1385,60,"translation","""This food is addictive because it's perfectly spicy.""","이 음식 매콤해서 중독성 있어요.","[""맞아!"",""이 음식 매콤해서 중독성 있어요."",""떡볶이요!"",""에마야, 한국 음식 중에 뭐가 제일 좋아?""]",
1386,60,"word_order","""This song is addictive because the melody is so good.""","맵고 달아서 중독성 있어요",,"[""중독성"",""달아서"",""없어요"",""맵고"",""있어요""]"
1387,60,"translation","""It's different from my country. So interesting.""","우리나라 음식이랑 달라요.","[""우리나라 음식이랑 달라요."",""떡볶이요!"",""근데 한국 음식이 더 맛있는 것 같아요!"",""맵고 달아서 중독성 있어요.""]",
1388,60,"translation","""It's different from what I expected. Even better.""","생각이랑 달라요. 더 좋아요.","[""ㅎㅎ 고마워!"",""어떻게 달라?"",""생각이랑 달라요. 더 좋아요."",""아, 그렇구나.""]",
1389,60,"fill_blank","우리나라 음식___.","이랑 달라요","[""몰라요"",""이랑 달라요"",""안 돼요"",""해요""]",
1390,60,"fill_blank","생각___. 더 좋아요.","이랑 달라요","[""이랑 달라요"",""없어요"",""몰라요"",""안 돼요""]",
1391,60,"word_order","""It's different from my country. So interesting.""","우리나라 음식이랑 달라요",,"[""우리나라"",""없어요"",""달라요"",""음식이랑""]"
1392,61,"translation","""Honestly, it's a little awkward, but it's okay.""","음... 좀 그렇긴 한데.","[""그렇지?"",""음... 좀 그렇긴 한데."",""솔직히 별로야."",""나쁘지 않은데.""]",
1393,61,"translation","""It's a bit off, but I'm not sure how to say it.""","좀 그렇긴 한데 어떻게 말해야 할지 모르겠어요.","[""그렇긴 하지?"",""좀 그렇긴 한데 어떻게 말해야 할지 모르겠어요."",""솔직하게 말해도 돼!"",""맞아, 사실 나도 그랬어.""]",
1394,61,"fill_blank","음... ___.","좀 그렇긴 한데","[""좀 그렇긴 한데"",""봐요"",""없어요"",""해요""]",
1395,61,"fill_blank","___ 어떻게 말해야 할지 모르겠어요.","좀 그렇긴 한데","[""안 돼요"",""몰라요"",""해요"",""좀 그렇긴 한데""]",
1396,61,"word_order","""Honestly, it's a little awkward, but it's okay.""","음 좀 그렇긴 한데",,"[""한데"",""없어요"",""그렇긴"",""좀"",""음""]"
1397,61,"translation","""Can I be honest? There's something that disappoints me a little.""","솔직하게 말해도 돼!","[""나쁘지 않은데."",""솔직하게 말해도 돼!"",""은근히 재미있어, 이런 대화!"",""에마야, 이거 어때?""]",
1398,61,"translation","""Can I be frank? This outfit isn't great.""","솔직하게 말해도 돼? 이 옷은 별로야.","[""솔직하게 말해도 돼? 이 옷은 별로야."",""맞아, 사실 나도 그랬어."",""나쁘지 않은데."",""에마야, 이거 어때?""]",
1399,61,"fill_blank","___!","솔직하게 말해도 돼","[""봐요"",""안 돼요"",""솔직하게 말해도 돼"",""없어요""]",
1400,61,"fill_blank","___? 이 옷은 별로야.","솔직하게 말해도 돼","[""솔직하게 말해도 돼"",""몰라요"",""해요"",""없어요""]",
1401,61,"word_order","""Can I be honest? There's something that disappoints me a little.""","솔직하게 말해도 돼",,"[""말해도"",""없어요"",""돼"",""솔직하게""]"
1402,61,"translation","""This food is surprisingly good.""","은근히 재미있어, 이런 대화!","[""솔직히 별로야."",""은근히 재미있어, 이런 대화!"",""음... 좀 그렇긴 한데."",""에마야, 이거 어때?""]",
1403,61,"translation","""That person is subtly funny.""","그 사람 은근히 웃겨.","[""그렇지?"",""ㅎㅎ 역시!"",""그 사람 은근히 웃겨."",""음... 좀 그렇긴 한데.""]",
1404,61,"word_order","""This food is surprisingly good.""","은근히 재미있어 이런 대화",,"[""재미있어"",""이런"",""대화"",""없어요"",""은근히""]"
1405,62,"translation","""How is this food?""","오빠, 회사 어때요?","[""바쁘긴 한데 재미있어."",""잘 될 거예요!"",""오빠, 회사 어때요?"",""응, 화이팅!""]",
1406,62,"translation","""How is the weather today?""","오늘 날씨 어때요?","[""바쁘긴 한데 재미있어."",""요즘 야근해요?"",""고마워, 에마야."",""오늘 날씨 어때요?""]",
1407,62,"fill_blank","오빠, 회사 ___?","어때요","[""봐요"",""어때요"",""없어요"",""해요""]",
1408,62,"fill_blank","오늘 날씨 ___?","어때요","[""몰라요"",""어때요"",""없어요"",""해요""]",
1409,62,"word_order","""How is this food?""","오빠 회사 어때요",,"[""어때요"",""회사"",""오빠"",""없어요""]"
1410,62,"translation","""I'm busy because of exams. I'll contact you later.""","오빠, 회사 어때요?","[""응, 화이팅!"",""무리하지 마세요!"",""오빠, 회사 어때요?"",""힘들겠어요.""]",
1411,62,"translation","""I'm busy because of a project.""","프로젝트 때문에 바빠요.","[""바쁘긴 한데 재미있어."",""응, 프로젝트 때문에."",""프로젝트 때문에 바빠요."",""요즘 야근해요?""]",
1412,62,"fill_blank","프로젝트 ___.","때문에 바빠요","[""안 돼요"",""없어요"",""봐요"",""때문에 바빠요""]",
1413,62,"word_order","""I'm busy because of exams. I'll contact you later.""","오빠 회사 어때요",,"[""회사"",""어때요"",""없어요"",""오빠""]"
1414,62,"translation","""If you're not feeling well, don't push yourself.""","무리하지 마세요!","[""무리하지 마세요!"",""오빠, 회사 어때요?"",""고마워, 에마야."",""응, 프로젝트 때문에.""]",
1415,62,"translation","""Don't overdo it. It's okay to take it slow.""","무리하지 마세요. 천천히 해도 돼요.","[""그래도 동료들이 좋아서 괜찮아."",""무리하지 마세요. 천천히 해도 돼요."",""잘 될 거예요!"",""바쁘긴 한데 재미있어.""]",
1416,62,"fill_blank","___!","무리하지 마세요","[""몰라요"",""무리하지 마세요"",""해요"",""안 돼요""]",
1417,62,"fill_blank","___. 천천히 해도 돼요.","무리하지 마세요","[""몰라요"",""무리하지 마세요"",""봐요"",""없어요""]",
1418,62,"word_order","""If you're not feeling well, don't push yourself.""","무리하지 마세요",,"[""무리하지"",""없어요"",""마세요""]"
1419,63,"translation","""Do you exercise a lot? You look fit.""","에마야, 요즘 인스타 많이 해?","[""응! 한국 일상 올려."",""한국 음식 사진 올렸더니 반응이 좋더라!"",""대박! 왜?"",""에마야, 요즘 인스타 많이 해?""]",
1420,63,"translation","""Do you cook a lot? You seem good at it.""","요리 많이 해? 잘하는 것 같아.","[""다음엔 뭘 올릴까?"",""요리 많이 해? 잘하는 것 같아."",""요즘 뭐가 유행이야?"",""역시!""]",
1421,63,"fill_blank","에마야, 요즘 인스타 ___?","많이 해","[""몰라요"",""해요"",""많이 해"",""안 돼요""]",
1422,63,"fill_blank","요리 ___? 잘하는 것 같아.","많이 해","[""해요"",""많이 해"",""없어요"",""봐요""]",
1423,63,"word_order","""Do you exercise a lot? You look fit.""","에마야 요즘 인스타 많이 해",,"[""에마야"",""없어요"",""해"",""요즘"",""인스타"",""많이""]"
1424,63,"translation","""Is this style trendy these days?""","요즘 뭐가 유행이야?","[""요즘 뭐가 유행이야?"",""응! 한국 일상 올려."",""에마야, 요즘 인스타 많이 해?"",""다음엔 뭘 올릴까?""]",
1425,63,"translation","""Is this song popular? I keep hearing it everywhere.""","이 노래 유행이야? 어디서 많이 들려.","[""다음엔 뭘 올릴까?"",""한국 음식 사진 올렸더니 반응이 좋더라!"",""이 노래 유행이야? 어디서 많이 들려."",""한복 사진 어때?""]",
1426,63,"fill_blank","요즘 뭐가 ___?","유행이야","[""유행이야"",""안 돼요"",""봐요"",""없어요""]",
1427,63,"fill_blank","이 노래 ___? 어디서 많이 들려.","유행이야","[""유행이야"",""몰라요"",""없어요"",""봐요""]",
1428,63,"word_order","""Is this style trendy these days?""","요즘 뭐가 유행이야",,"[""요즘"",""유행이야"",""없어요"",""뭐가""]"
1429,63,"translation","""After I posted the photo, I got a lot of comments.""","한국 음식 사진 올렸더니 반응이 좋더라!","[""이 필터 요즘 핫해!"",""요즘 뭐가 유행이야?"",""한국 음식 사진 올렸더니 반응이 좋더라!"",""팔로워가 늘었어!""]",
1430,63,"translation","""After I uploaded the video, the response was great.""","영상 올렸더니 반응이 좋았어.","[""영상 올렸더니 반응이 좋았어."",""다음엔 뭘 올릴까?"",""한복 사진 어때?"",""팔로워가 늘었어!""]",
1431,63,"fill_blank","한국 음식 사진 ___ 반응이 좋더라!","올렸더니","[""없어요"",""해요"",""올렸더니"",""안 돼요""]",
1432,63,"fill_blank","영상 ___ 반응이 좋았어.","올렸더니","[""올렸더니"",""봐요"",""없어요"",""몰라요""]",
1433,63,"word_order","""After I posted the photo, I got a lot of comments.""","한국 음식 사진 올렸더니 반응이 좋더라",,"[""한국"",""반응이"",""없어요"",""좋더라"",""올렸더니"",""음식"",""사진""]"
1434,64,"translation","""I'm going to take on cooking this week.""","불고기 도전해!","[""불고기 도전해!"",""좀 더 볶아!"",""이렇게 하면 돼?"",""재료가 다 있어?""]",
1435,64,"translation","""I'm challenging myself to travel alone.""","혼자 여행 도전해요.","[""재료가 다 있어?"",""이렇게 하면 돼?"",""혼자 여행 도전해요."",""완성됐어!""]",
1436,64,"fill_blank","혼자 여행 ___.","도전해요","[""없어요"",""도전해요"",""안 돼요"",""해요""]",
1437,64,"word_order","""I'm going to take on cooking this week.""","불고기 도전해",,"[""도전해"",""불고기"",""없어요""]"
1438,64,"translation","""I want to make kimchi stew — do you have the ingredients?""","재료가 다 있어?","[""재료가 다 있어?"",""완성됐어!"",""이렇게 하면 돼?"",""맛있겠다!""]",
1439,64,"translation","""Do you have the ingredients? If not, we need to go to the store.""","재료가 있어요? 없으면 마트 가야 해요.","[""다음엔 더 잘할 거야!"",""불고기 도전해!"",""재료가 있어요? 없으면 마트 가야 해요."",""좀 더 볶아!""]",
1440,64,"fill_blank","___? 없으면 마트 가야 해요.","재료가 있어요","[""재료가 있어요"",""없어요"",""해요"",""몰라요""]",
1441,64,"word_order","""I want to make kimchi stew — do you have the ingredients?""","재료가 다 있어",,"[""있어"",""없어요"",""재료가"",""다""]"
1442,64,"translation","""I made a mistake this time, but next time I'll do better.""","다음엔 더 잘할 거야!","[""불고기 도전해!"",""이렇게 하면 돼?"",""다음엔 더 잘할 거야!"",""에마, 오늘 뭐 만들어?""]",
1443,64,"translation","""It's okay. Next time will be better.""","괜찮아요. 다음엔 더 잘할 거예요.","[""이렇게 하면 돼?"",""불고기 도전해!"",""괜찮아요. 다음엔 더 잘할 거예요."",""재료가 다 있어?""]",
1444,64,"fill_blank","괜찮아요. ___.","다음엔 더 잘할 거예요","[""해요"",""다음엔 더 잘할 거예요"",""몰라요"",""없어요""]",
1445,64,"word_order","""I made a mistake this time, but next time I'll do better.""","다음엔 더 잘할 거야",,"[""거야"",""다음엔"",""없어요"",""잘할"",""더""]"
1446,65,"translation","""Do you have a morning routine? How do you start your day?""","에마, 스킨케어 루틴 있어?","[""어떤 크림 써?"",""에마, 스킨케어 루틴 있어?"",""네! 아침저녁으로 해요."",""피부 좋아졌어?""]",
1447,65,"translation","""Do you have a skincare routine?""","스킨케어 루틴 있어요?","[""저도!"",""자외선 차단제 꼭 발라야 해요."",""어떤 크림 써?"",""스킨케어 루틴 있어요?""]",
1448,65,"fill_blank","스킨케어 ___?","루틴 있어요","[""안 돼요"",""봐요"",""없어요"",""루틴 있어요""]",
1449,65,"word_order","""Do you have a morning routine? How do you start your day?""","에마 스킨케어 루틴 있어",,"[""에마"",""루틴"",""없어요"",""스킨케어"",""있어""]"
1450,65,"translation","""Let's take a walk after eating.""","먼저 클렌징하고 나서 토너 발라요.","[""어떤 크림 써?"",""먼저 클렌징하고 나서 토너 발라요."",""에마, 스킨케어 루틴 있어?"",""맞아!""]",
1451,65,"translation","""I'll contact you after I finish work.""","일 끝나고 나서 연락할게요.","[""에마, 스킨케어 루틴 있어?"",""피부 좋아졌어?"",""일 끝나고 나서 연락할게요."",""네! 아침저녁으로 해요.""]",
1452,65,"fill_blank","먼저 클렌징___ 토너 발라요.","하고 나서","[""하고 나서"",""안 돼요"",""봐요"",""몰라요""]",
1453,65,"word_order","""Let's take a walk after eating.""","먼저 클렌징하고 나서 토너 발라요",,"[""토너"",""클렌징하고"",""먼저"",""없어요"",""나서"",""발라요""]"
1454,65,"translation","""If you come to Korea, you absolutely have to eat samgyeopsal.""","네! 아침저녁으로 해요.","[""네! 아침저녁으로 해요."",""먼저 클렌징하고 나서 토너 발라요."",""네! 덕분에 많이 좋아졌어요."",""저도!""]",
1455,65,"translation","""You absolutely have to visit this café.""","이 카페 꼭 가봐야 해요.","[""피부 좋아졌어?"",""맞아!"",""수분크림이요. 효과 좋아!"",""이 카페 꼭 가봐야 해요.""]",
1456,65,"word_order","""If you come to Korea, you absolutely have to eat samgyeopsal.""","네 아침저녁으로 해요",,"[""아침저녁으로"",""네"",""없어요"",""해요""]"
1457,66,"translation","""Your Korean has improved so much! Amazing.""","에마야, 한국어 많이 늘었다!","[""에마야, 한국어 많이 늘었다!"",""뭐가 어려워?"",""그렇구나, 연습하면 돼!"",""근데 아직 어려운 부분이 있어요.""]",
1458,66,"translation","""Your cooking skills have improved a lot.""","요리 실력이 많이 늘었어요.","[""요리 실력이 많이 늘었어요."",""매일 조금씩 했어요."",""비결이 뭐야?"",""그렇구나, 연습하면 돼!""]",
1459,66,"fill_blank","요리 실력이 ___.","많이 늘었어요","[""몰라요"",""많이 늘었어요"",""봐요"",""해요""]",
1460,66,"word_order","""Your Korean has improved so much! Amazing.""","에마야 한국어 많이 늘었다",,"[""에마야"",""늘었다"",""없어요"",""많이"",""한국어""]"
1461,66,"translation","""Your skin looks amazing. What's your secret?""","비결이 뭐야?","[""진짜요? 감사해요!"",""비결이 뭐야?"",""그렇구나, 연습하면 돼!"",""근데 아직 어려운 부분이 있어요.""]",
1462,66,"translation","""What's the secret to your great Korean skills?""","한국어 실력이 좋은 비결이 뭐예요?","[""뭐가 어려워?"",""한국어 실력이 좋은 비결이 뭐예요?"",""응, 화이팅!"",""진짜요? 감사해요!""]",
1463,66,"fill_blank","한국어 실력이 좋은 ___?","비결이 뭐예요","[""몰라요"",""없어요"",""안 돼요"",""비결이 뭐예요""]",
1464,66,"word_order","""Your skin looks amazing. What's your secret?""","비결이 뭐야",,"[""비결이"",""없어요"",""뭐야""]"
1465,66,"translation","""Formal and informal speech are still confusing to me.""","존댓말이랑 반말이 헷갈려요.","[""그렇구나, 연습하면 돼!"",""존댓말이랑 반말이 헷갈려요."",""매일 조금씩 했어요."",""에마야, 한국어 많이 늘었다!""]",
1466,66,"translation","""The meaning of these two words is confusing me.""","이 두 단어 의미가 헷갈려요.","[""그렇구나, 연습하면 돼!"",""이 두 단어 의미가 헷갈려요."",""에마야, 한국어 많이 늘었다!"",""진짜요? 감사해요!""]",
1467,66,"fill_blank","존댓말이랑 반말___.","이 헷갈려요","[""없어요"",""이 헷갈려요"",""봐요"",""해요""]",
1468,66,"word_order","""Formal and informal speech are still confusing to me.""","존댓말이랑 반말이 헷갈려요",,"[""반말이"",""없어요"",""존댓말이랑"",""헷갈려요""]"
1469,67,"translation","""Is samgyeopsal this delicious? It's seriously amazing.""","지수야, 한국 봄이 이렇게 예뻐?","[""지수야, 한국 봄이 이렇게 예뻐?"",""여름은 어때?"",""응, 서울은 가끔 와."",""겨울엔 눈 많이 와?""]",
1470,67,"translation","""Is Korea this cold? I had no idea.""","한국이 이렇게 추워? 몰랐어.","[""한국이 이렇게 추워? 몰랐어."",""응! 벚꽃 봤어?"",""엄청 더워. 습해서 힘들어."",""응, 서울은 가끔 와.""]",
1471,67,"word_order","""Is samgyeopsal this delicious? It's seriously amazing.""","지수야 한국 봄이 이렇게 예뻐",,"[""한국"",""지수야"",""없어요"",""예뻐"",""이렇게"",""봄이""]"
1472,67,"translation","""This is my favorite moment on the trip — eating together.""","이때가 제일 좋아.","[""이때가 제일 좋아."",""엄청 더워. 습해서 힘들어."",""응, 서울은 가끔 와."",""벚꽃 진짜 예쁘다!""]",
1473,67,"translation","""This is my favorite time of day — morning coffee.""","하루 중에 이때가 제일 좋아. 커피 마시는 아침.","[""하루 중에 이때가 제일 좋아. 커피 마시는 아침."",""겨울엔 눈 많이 와?"",""한국이 더 습해!"",""여름은 어때?""]",
1474,67,"fill_blank","___.","이때가 제일 좋아","[""몰라요"",""해요"",""이때가 제일 좋아"",""없어요""]",
1475,67,"fill_blank","하루 중에 ___. 커피 마시는 아침.","이때가 제일 좋아","[""해요"",""봐요"",""이때가 제일 좋아"",""안 돼요""]",
1476,67,"word_order","""This is my favorite moment on the trip — eating together.""","이때가 제일 좋아",,"[""이때가"",""없어요"",""제일"",""좋아""]"
1477,67,"translation","""How about that restaurant? I heard the reviews are great.""","여름은 어때?","[""여름은 어때?"",""지수야, 한국 봄이 이렇게 예뻐?"",""우리나라 여름이랑 달라?"",""벚꽃 진짜 예쁘다!""]",
1478,67,"translation","""How about tomorrow? Are you free?""","내일은 어때? 시간 있어?","[""겨울엔 눈 많이 와?"",""엄청 더워. 습해서 힘들어."",""응, 서울은 가끔 와."",""내일은 어때? 시간 있어?""]",
1479,67,"fill_blank","여름___?","은 어때","[""없어요"",""은 어때"",""몰라요"",""안 돼요""]",
1480,67,"fill_blank","내일___? 시간 있어?","은 어때","[""없어요"",""안 돼요"",""몰라요"",""은 어때""]",
1481,67,"word_order","""How about that restaurant? I heard the reviews are great.""","여름은 어때",,"[""여름은"",""어때"",""없어요""]"
1482,68,"translation","""I felt hurt because there was no contact.""","에마, 저 좀 서운했어요.","[""저도 이해하려고 할게요."",""에마, 저 좀 서운했어요."",""아, 바빴어. 정말 미안해!"",""저도!""]",
1483,68,"translation","""Those words hurt me.""","그 말이 서운했어요.","[""저도!"",""저도 이해하려고 할게요."",""말하고 나니까 후련해요."",""그 말이 서운했어요.""]",
1484,68,"fill_blank","에마, 저 좀 ___.","서운했어요","[""서운했어요"",""봐요"",""몰라요"",""안 돼요""]",
1485,68,"fill_blank","그 말이 ___.","서운했어요","[""서운했어요"",""봐요"",""몰라요"",""해요""]",
1486,68,"word_order","""I felt hurt because there was no contact.""","에마 저 좀 서운했어요",,"[""저"",""좀"",""없어요"",""서운했어요"",""에마""]"
1487,68,"translation","""I understand your feelings, but this is difficult.""","마음은 알아요. 제가 잘못했어요.","[""다음엔 꼭 연락할게!"",""마음은 알아요. 제가 잘못했어요."",""저도!"",""왜? 미안해요.""]",
1488,68,"translation","""I understand how you feel. Thank you for caring.""","마음은 알아요. 걱정해줘서 고마워요.","[""마음은 알아요. 걱정해줘서 고마워요."",""에마, 저 좀 서운했어요."",""다음엔 꼭 연락할게!"",""연락을 못 받았어요.""]",
1489,68,"fill_blank","___. 제가 잘못했어요.","마음은 알아요","[""없어요"",""몰라요"",""마음은 알아요"",""봐요""]",
1490,68,"fill_blank","___. 걱정해줘서 고마워요.","마음은 알아요","[""몰라요"",""마음은 알아요"",""안 돼요"",""해요""]",
1491,68,"word_order","""I understand your feelings, but this is difficult.""","마음은 알아요 제가 잘못했어요",,"[""잘못했어요"",""알아요"",""제가"",""없어요"",""마음은""]"
1492,68,"translation","""I feel relieved now that I said it. I held it in for a long time.""","말하고 나니까 후련해요.","[""저도 이해하려고 할게요."",""왜? 미안해요."",""다음엔 꼭 연락할게!"",""말하고 나니까 후련해요.""]",
1493,68,"translation","""I was upset, but saying it out loud made me feel better.""","속상했는데 말하고 나니까 후련해요.","[""마음은 알아요. 제가 잘못했어요."",""속상했는데 말하고 나니까 후련해요."",""저도 이해하려고 할게요."",""아, 바빴어. 정말 미안해!""]",
1494,68,"fill_blank","___.","말하고 나니까 후련해요","[""없어요"",""몰라요"",""안 돼요"",""말하고 나니까 후련해요""]",
1495,68,"fill_blank","속상했는데 ___.","말하고 나니까 후련해요","[""몰라요"",""없어요"",""말하고 나니까 후련해요"",""안 돼요""]",
1496,68,"word_order","""I feel relieved now that I said it. I held it in for a long time.""","말하고 나니까 후련해요",,"[""없어요"",""후련해요"",""나니까"",""말하고""]"
1497,69,"translation","""What's your dream? What do you want to do in the future?""","에마야, 꿈이 뭐야?","[""에마야, 꿈이 뭐야?"",""그럴 때일수록 더 해야 해."",""지금 열심히 하는 중이에요."",""할 수 있어!""]",
1498,69,"translation","""What was your dream when you were young? Is it still the same?""","어릴 때 꿈이 뭐예요? 지금도 같아요?","[""어릴 때 꿈이 뭐예요? 지금도 같아요?"",""통역사가 되고 싶어요!"",""가끔 포기하고 싶어요."",""절대 포기 안 할 거예요!""]",
1499,69,"fill_blank","어릴 때 ___? 지금도 같아요?","꿈이 뭐예요","[""꿈이 뭐예요"",""없어요"",""해요"",""봐요""]",
1500,69,"word_order","""What's your dream? What do you want to do in the future?""","에마야 꿈이 뭐야",,"[""꿈이"",""에마야"",""뭐야"",""없어요""]"
1501,69,"translation","""I want to become a Korean teacher.""","통역사가 되고 싶어요!","[""티 나!"",""에마야, 꿈이 뭐야?"",""지금 열심히 하는 중이에요."",""통역사가 되고 싶어요!""]",
1502,69,"translation","""I want to become a famous chef.""","유명한 요리사가 되고 싶어요.","[""1년 안에 유창해질 거예요."",""가끔 포기하고 싶어요."",""유명한 요리사가 되고 싶어요."",""절대 포기 안 할 거예요!""]",
1503,69,"fill_blank","통역사___!","가 되고 싶어요","[""해요"",""봐요"",""없어요"",""가 되고 싶어요""]",
1504,69,"fill_blank","유명한 요리사___.","가 되고 싶어요","[""안 돼요"",""봐요"",""가 되고 싶어요"",""해요""]",
1505,69,"word_order","""I want to become a Korean teacher.""","통역사가 되고 싶어요",,"[""싶어요"",""되고"",""없어요"",""통역사가""]"
1506,69,"translation","""It's so hard that I want to give up.""","가끔 포기하고 싶어요.","[""1년 안에 유창해질 거예요."",""통역사가 되고 싶어요!"",""가끔 포기하고 싶어요."",""절대 포기 안 할 거예요!""]",
1507,69,"translation","""Sometimes I want to give up. But I keep going.""","가끔 포기하고 싶어요. 하지만 계속해요.","[""가끔 포기하고 싶어요. 하지만 계속해요."",""티 나!"",""1년 안에 유창해질 거예요."",""절대 포기 안 할 거예요!""]",
1508,69,"fill_blank","가끔 ___.","포기하고 싶어요","[""몰라요"",""포기하고 싶어요"",""봐요"",""해요""]",
1509,69,"fill_blank","가끔 ___. 하지만 계속해요.","포기하고 싶어요","[""몰라요"",""봐요"",""포기하고 싶어요"",""안 돼요""]",
1510,69,"word_order","""It's so hard that I want to give up.""","가끔 포기하고 싶어요",,"[""포기하고"",""가끔"",""없어요"",""싶어요""]"
1511,70,"translation","""Where do I throw away this paper?""","지수야, 이거 어디에 버려?","[""지수야, 이거 어디에 버려?"",""한국은 분리수거 철저히 해?"",""대단해! 나도 해야겠다."",""같이 하자!""]",
1512,70,"translation","""Where do I throw away food waste?""","음식물 쓰레기 어디에 버려?","[""환경 생각하는 게 중요해."",""맞아!"",""같이 하자!"",""음식물 쓰레기 어디에 버려?""]",
1513,70,"fill_blank","지수야, 이거 ___?","어디에 버려","[""봐요"",""어디에 버려"",""안 돼요"",""해요""]",
1514,70,"fill_blank","음식물 쓰레기 ___?","어디에 버려","[""해요"",""어디에 버려"",""없어요"",""봐요""]",
1515,70,"word_order","""Where do I throw away this paper?""","지수야 이거 어디에 버려",,"[""없어요"",""버려"",""어디에"",""지수야"",""이거""]"
1516,70,"translation","""Do you do recycling thoroughly? I think it's important.""","한국은 분리수거 철저히 해?","[""한국은 분리수거 철저히 해?"",""나 텀블러 갖고 다녀."",""나도 환경 더 신경 써야겠어."",""같이 하자!""]",
1517,70,"translation","""Do you do thorough stretching after working out?""","운동 후에 스트레칭 철저히 해?","[""운동 후에 스트레칭 철저히 해?"",""플라스틱은 저기야!"",""응! 안 하면 안 돼."",""같이 하자!""]",
1518,70,"fill_blank","한국은 분리수거 ___?","철저히 해","[""봐요"",""없어요"",""철저히 해"",""해요""]",
1519,70,"fill_blank","운동 후에 스트레칭 ___?","철저히 해","[""해요"",""철저히 해"",""몰라요"",""안 돼요""]",
1520,70,"word_order","""Do you do recycling thoroughly? I think it's important.""","한국은 분리수거 철저히 해",,"[""한국은"",""해"",""분리수거"",""철저히"",""없어요""]"
1521,70,"translation","""I should pay more attention to my health.""","나도 환경 더 신경 써야겠어.","[""한국은 분리수거 철저히 해?"",""같이 하자!"",""나도 환경 더 신경 써야겠어."",""환경 생각하는 게 중요해.""]",
1522,70,"translation","""I need to be more careful about my pronunciation.""","발음 신경 써야겠어.","[""환경 생각하는 게 중요해."",""발음 신경 써야겠어."",""플라스틱은 저기야!"",""지수야, 이거 어디에 버려?""]",
1523,70,"fill_blank","나도 환경 더 ___.","신경 써야겠어","[""봐요"",""안 돼요"",""몰라요"",""신경 써야겠어""]",
1524,70,"fill_blank","발음 ___.","신경 써야겠어","[""없어요"",""안 돼요"",""몰라요"",""신경 써야겠어""]",
1525,70,"word_order","""I should pay more attention to my health.""","나도 환경 더 신경 써야겠어",,"[""써야겠어"",""없어요"",""신경"",""더"",""나도"",""환경""]"
1526,71,"translation","""This feeling is hard to put into words.""","진짜요. 말로 표현하기 어려워요.","[""저도!"",""진짜요. 말로 표현하기 어려워요."",""와, 야경이 너무 예뻐!"",""이런 순간이 소중해요.""]",
1527,71,"translation","""It's hard to explain — I just like it.""","말로 표현하기 어려워요, 그냥 좋아요.","[""맞아, 뭔가 설레요."",""말로 표현하기 어려워요, 그냥 좋아요."",""이런 순간이 소중해요."",""저도요. 이 느낌 알아?""]",
1528,71,"fill_blank","진짜요. ___.","말로 표현하기 어려워요","[""안 돼요"",""말로 표현하기 어려워요"",""없어요"",""봐요""]",
1529,71,"fill_blank","___, 그냥 좋아요.","말로 표현하기 어려워요","[""봐요"",""몰라요"",""안 돼요"",""말로 표현하기 어려워요""]",
1530,71,"word_order","""This feeling is hard to put into words.""","진짜요 말로 표현하기 어려워요",,"[""어려워요"",""말로"",""없어요"",""표현하기"",""진짜요""]"
1531,71,"translation","""The nervous feeling before a test — do you know it?""","저도요. 이 느낌 알아?","[""와, 야경이 너무 예뻐!"",""사진 찍어!"",""저도요. 이 느낌 알아?"",""왠지 모르게 좋아요.""]",
1532,71,"translation","""Eating hometown food after a long time — do you know that feeling?""","오랜만에 고향 음식 먹는 느낌, 이 느낌 알아요?","[""맞아, 뭔가 설레요."",""와, 야경이 너무 예뻐!"",""딱 이 느낌이야!"",""오랜만에 고향 음식 먹는 느낌, 이 느낌 알아요?""]",
1533,71,"fill_blank","오랜만에 고향 음식 먹는 느낌, ___?","이 느낌 알아요","[""없어요"",""이 느낌 알아요"",""봐요"",""안 돼요""]",
1534,71,"word_order","""The nervous feeling before a test — do you know it?""","저도요 이 느낌 알아",,"[""없어요"",""이"",""알아"",""느낌"",""저도요""]"
1535,71,"translation","""For some reason, I'm in a good mood today.""","이런 순간이 소중해요.","[""어딘가 모르게 한국이 좋아요."",""저도!"",""딱 이 느낌이야!"",""이런 순간이 소중해요.""]",
1536,71,"translation","""For no particular reason, I feel sad.""","왠지 모르게 슬퍼요.","[""저도!"",""딱 이 느낌이야!"",""왠지 모르게 슬퍼요."",""사진 찍어!""]",
1537,71,"word_order","""For some reason, I'm in a good mood today.""","이런 순간이 소중해요",,"[""순간이"",""없어요"",""소중해요"",""이런""]"
1538,72,"translation","""There was a misunderstanding between us.""","에마야, 오해가 있었던 것 같아.","[""내 말이 그런 뜻이 아니었어."",""에마야, 오해가 있었던 것 같아."",""아, 그랬구나."",""응!""]",
1539,72,"translation","""There was a misunderstanding. I think you misheard me.""","오해가 있었어. 내 말을 잘못 들은 것 같아.","[""응!"",""오해가 있었어. 내 말을 잘못 들은 것 같아."",""내 말이 그런 뜻이 아니었어."",""아, 그랬구나.""]",
1540,72,"fill_blank","___. 내 말을 잘못 들은 것 같아.","오해가 있었어","[""오해가 있었어"",""없어요"",""봐요"",""안 돼요""]",
1541,72,"word_order","""There was a misunderstanding between us.""","에마야 오해가 있었던 것 같아",,"[""에마야"",""같아"",""없어요"",""것"",""오해가"",""있었던""]"
1542,72,"translation","""I didn't mean to get angry.""","내 말이 그런 뜻이 아니었어.","[""그럴 수 있어. 괜찮아!"",""앞으로 더 솔직하게 얘기하자."",""내 말이 그런 뜻이 아니었어."",""아, 그랬구나.""]",
1543,72,"translation","""I didn't mean it that way. Don't misunderstand.""","그런 뜻이 아니었어. 오해하지 마.","[""그럴 수 있어. 괜찮아!"",""앞으로 더 솔직하게 얘기하자."",""나도 오해했어."",""그런 뜻이 아니었어. 오해하지 마.""]",
1544,72,"fill_blank","내 말이 그런 ___.","뜻이 아니었어","[""안 돼요"",""뜻이 아니었어"",""없어요"",""봐요""]",
1545,72,"fill_blank","그런 ___. 오해하지 마.","뜻이 아니었어","[""뜻이 아니었어"",""봐요"",""없어요"",""몰라요""]",
1546,72,"word_order","""I didn't mean to get angry.""","내 말이 그런 뜻이 아니었어",,"[""내"",""말이"",""그런"",""뜻이"",""아니었어"",""없어요""]"
1547,72,"translation","""I fully understand your situation.""","충분히 이해해.","[""그럴 수 있어. 괜찮아!"",""앞으로 더 솔직하게 얘기하자."",""충분히 이해해."",""아, 그랬구나.""]",
1548,72,"translation","""I completely understand why you're angry.""","화난 이유 충분히 이해해.","[""화난 이유 충분히 이해해."",""에마야, 오해가 있었던 것 같아."",""내 말이 그런 뜻이 아니었어."",""나도. 미안해.""]",
1549,72,"fill_blank","___.","충분히 이해해","[""해요"",""안 돼요"",""충분히 이해해"",""몰라요""]",
1550,72,"fill_blank","화난 이유 ___.","충분히 이해해","[""안 돼요"",""봐요"",""충분히 이해해"",""없어요""]",
1551,72,"word_order","""I fully understand your situation.""","충분히 이해해",,"[""이해해"",""없어요"",""충분히""]"
1552,73,"translation","""I passed the exam!""","합격했어요!!","[""합격했어요!!"",""진짜? 축하해!"",""드디어 해냈어요!"",""포기하지 않길 잘했어요.""]",
1553,73,"translation","""I passed the interview.""","면접에 합격했어요.","[""드디어 해냈어요!"",""면접에 합격했어요."",""다음 목표는 더 높이 잡을 거예요!"",""응원할게!""]",
1554,73,"fill_blank","___!!","합격했어요","[""몰라요"",""봐요"",""해요"",""합격했어요""]",
1555,73,"fill_blank","면접에 ___.","합격했어요","[""없어요"",""해요"",""봐요"",""합격했어요""]",
1556,73,"translation","""I finally did it! I completed it after a year.""","드디어 해냈어요!","[""민준 오빠 덕분이에요."",""드디어 해냈어요!"",""다음 목표는 더 높이 잡을 거예요!"",""에마가 열심히 한 거지.""]",
1557,73,"translation","""I didn't give up and finally made it.""","포기 안 하고 드디어 해냈어요.","[""응원할게!"",""포기 안 하고 드디어 해냈어요."",""다음 목표는 더 높이 잡을 거예요!"",""에마야, 시험 어땠어?""]",
1558,73,"fill_blank","___!","드디어 해냈어요","[""드디어 해냈어요"",""봐요"",""안 돼요"",""몰라요""]",
1559,73,"fill_blank","포기 안 하고 ___.","드디어 해냈어요","[""봐요"",""없어요"",""몰라요"",""드디어 해냈어요""]",
1560,73,"word_order","""I finally did it! I completed it after a year.""","드디어 해냈어요",,"[""드디어"",""합격했어요!!"",""해냈어요""]"
1561,73,"translation","""You got through the tough time well.""","에마야, 시험 어땠어?","[""에마야, 시험 어땠어?"",""합격했어요!!"",""포기하지 않길 잘했어요."",""에마가 열심히 한 거지.""]",
1562,73,"translation","""You really got through it well. You're amazing.""","정말 잘 이겨냈어요. 대단해요.","[""합격했어요!!"",""정말 잘 이겨냈어요. 대단해요."",""다음 목표는 더 높이 잡을 거예요!"",""포기하지 않길 잘했어요.""]",
1563,73,"fill_blank","정말 ___. 대단해요.","잘 이겨냈어요","[""잘 이겨냈어요"",""없어요"",""봐요"",""합격했어요""]",
1564,73,"word_order","""You got through the tough time well.""","에마야 시험 어땠어",,"[""시험"",""에마야"",""어땠어"",""합격했어요!!""]"
1565,74,"translation","""Try this. It's really delicious.""","에마야, 여기 유명한 거 먹어봐!","[""맞아!"",""(먹으며) 바삭해!"",""에마야, 여기 유명한 거 먹어봐!"",""이거 뭐야?""]",
1566,74,"translation","""Try tteokbokki. You'll like it.""","떡볶이 먹어봐. 좋아할 거야.","[""마약김밥! 중독성 있어."",""맞아!"",""빈대떡이야. 맛봐봐!"",""떡볶이 먹어봐. 좋아할 거야.""]",
1567,74,"fill_blank","에마야, 여기 유명한 거 ___!","먹어봐","[""안 돼요"",""몰라요"",""먹어봐"",""봐요""]",
1568,74,"fill_blank","떡볶이 ___. 좋아할 거야.","먹어봐","[""봐요"",""먹어봐"",""안 돼요"",""없어요""]",
1569,74,"word_order","""Try this. It's really delicious.""","에마야 여기 유명한 거 먹어봐",,"[""여기"",""에마야"",""먹어봐"",""없어요"",""유명한"",""거""]"
1570,74,"translation","""It's way more delicious than I thought.""","생각보다 훨씬 맛있어!","[""맞아!"",""(먹으며) 바삭해!"",""생각보다 훨씬 맛있어!"",""빈대떡이야. 맛봐봐!""]",
1571,74,"translation","""It's way harder than I expected.""","생각보다 훨씬 어려워.","[""(먹으며) 바삭해!"",""이거 뭐야?"",""생각보다 훨씬 어려워."",""그렇지?""]",
1572,74,"word_order","""It's way more delicious than I thought.""","생각보다 훨씬 맛있어",,"[""생각보다"",""훨씬"",""맛있어"",""없어요""]"
1573,74,"translation","""This song is addictive. I keep listening to it.""","마약김밥! 중독성 있어.","[""이거 뭐야?"",""마약김밥! 중독성 있어."",""저거는?"",""에마야, 여기 유명한 거 먹어봐!""]",
1574,74,"translation","""This game is addictive.""","이 게임 중독성 있어.","[""이 게임 중독성 있어."",""빈대떡이야. 맛봐봐!"",""이거 뭐야?"",""맞아!""]",
1575,74,"fill_blank","마약김밥! ___.","중독성 있어","[""몰라요"",""없어요"",""중독성 있어"",""안 돼요""]",
1576,74,"fill_blank","이 게임 ___.","중독성 있어","[""없어요"",""봐요"",""해요"",""중독성 있어""]",
1577,74,"word_order","""This song is addictive. I keep listening to it.""","마약김밥 중독성 있어",,"[""중독성"",""마약김밥"",""있어"",""없어요""]"
1578,75,"translation","""I'm happy in this moment.""","너무 좋아! 한국 생활이 행복해요.","[""맞아요."",""들어가 봐!"",""너무 좋아! 한국 생활이 행복해요."",""저도!""]",
1579,75,"translation","""I'm happy being here.""","여기 오니까 행복해요.","[""이런 일상이 소중해요."",""여기 오니까 행복해요."",""에마, 요즘 어때?"",""저도!""]",
1580,75,"fill_blank","너무 좋아! 한국 생활이 ___.","행복해요","[""몰라요"",""봐요"",""행복해요"",""안 돼요""]",
1581,75,"fill_blank","여기 오니까 ___.","행복해요","[""없어요"",""행복해요"",""봐요"",""몰라요""]",
1582,75,"word_order","""I'm happy in this moment.""","너무 좋아 한국 생활이 행복해요",,"[""한국"",""없어요"",""행복해요"",""생활이"",""좋아"",""너무""]"
1583,75,"translation","""I like listening to music.""","아침에 산책하는 게 좋아요.","[""맞아요."",""에마, 요즘 어때?"",""아침에 산책하는 게 좋아요."",""들어가 봐!""]",
1584,75,"translation","""I like walking alone.""","혼자 걷는 게 좋아요.","[""들어가 봐!"",""혼자 걷는 게 좋아요."",""에마, 요즘 어때?"",""너무 좋아! 한국 생활이 행복해요.""]",
1585,75,"fill_blank","아침에 산책___.","하는 게 좋아요","[""해요"",""몰라요"",""하는 게 좋아요"",""없어요""]",
1586,75,"word_order","""I like listening to music.""","아침에 산책하는 게 좋아요",,"[""없어요"",""산책하는"",""좋아요"",""게"",""아침에""]"
1587,75,"translation","""These everyday moments of eating together are precious.""","이런 일상이 소중해요.","[""여기 카페 새로 생겼어!"",""너무 좋아! 한국 생활이 행복해요."",""이런 일상이 소중해요."",""들어가 봐!""]",
1588,75,"translation","""It may seem ordinary, but these daily moments are precious.""","평범해 보여도 이런 일상이 소중해요.","[""앞으로도 이렇게 살고 싶어!"",""평범해 보여도 이런 일상이 소중해요."",""들어가 봐!"",""에마, 요즘 어때?""]",
1589,75,"fill_blank","___.","이런 일상이 소중해요","[""해요"",""이런 일상이 소중해요"",""없어요"",""봐요""]",
1590,75,"fill_blank","평범해 보여도 ___.","이런 일상이 소중해요","[""안 돼요"",""봐요"",""이런 일상이 소중해요"",""몰라요""]",
1591,75,"word_order","""These everyday moments of eating together are precious.""","이런 일상이 소중해요",,"[""일상이"",""없어요"",""이런"",""소중해요""]"
1592,76,"translation","""This is Hongdae station, right?""","지수야, 이 표현 맞아?","[""맞아, 많이 늘었어!"",""맞아, 잘 이해했어."",""지수야, 이 표현 맞아?"",""응, 근데 이게 더 자연스러워.""]",
1593,76,"translation","""We're meeting at 2 o'clock tomorrow, right?""","내일 2시에 만나는 거 맞아?","[""맞아, 많이 늘었어!"",""응, 근데 이게 더 자연스러워."",""내일 2시에 만나는 거 맞아?"",""아, 이게 포인트야!""]",
1594,76,"fill_blank","지수야, 이 표현 ___?","맞아","[""맞아"",""해요"",""없어요"",""몰라요""]",
1595,76,"fill_blank","내일 2시에 만나는 거 ___?","맞아","[""맞아"",""봐요"",""안 돼요"",""없어요""]",
1596,76,"word_order","""This is Hongdae station, right?""","지수야 이 표현 맞아",,"[""맞아"",""없어요"",""표현"",""지수야"",""이""]"
1597,76,"translation","""Korean grammar is easy once you understand it.""","한국어도 알고 보면 쉬워.","[""이 두 개 차이가 뭐야?"",""조금씩 나아지고 있어."",""한국어도 알고 보면 쉬워."",""맞아, 잘 이해했어.""]",
1598,76,"translation","""It looks hard, but once you know it, it's easy.""","어려워 보여도 알고 보면 쉬워.","[""조금씩 나아지고 있어."",""어려워 보여도 알고 보면 쉬워."",""비슷한데 뉘앙스가 달라."",""맞아, 많이 늘었어!""]",
1599,76,"fill_blank","한국어도 ___.","알고 보면 쉬워","[""알고 보면 쉬워"",""안 돼요"",""봐요"",""몰라요""]",
1600,76,"fill_blank","어려워 보여도 ___.","알고 보면 쉬워","[""안 돼요"",""해요"",""몰라요"",""알고 보면 쉬워""]",
1601,76,"word_order","""Korean grammar is easy once you understand it.""","한국어도 알고 보면 쉬워",,"[""알고"",""보면"",""없어요"",""쉬워"",""한국어도""]"
1602,76,"translation","""Kneading the dough well is the key point.""","아, 이게 포인트야!","[""아, 이게 포인트야!"",""비슷한데 뉘앙스가 달라."",""조금씩 나아지고 있어."",""이 두 개 차이가 뭐야?""]",
1603,76,"translation","""This is the key part in this sentence.""","이 문장에서 이게 포인트야.","[""이 문장에서 이게 포인트야."",""응, 근데 이게 더 자연스러워."",""이 두 개 차이가 뭐야?"",""맞아!""]",
1604,76,"fill_blank","아, ___!","이게 포인트야","[""해요"",""봐요"",""이게 포인트야"",""몰라요""]",
1605,76,"fill_blank","이 문장에서 ___.","이게 포인트야","[""봐요"",""이게 포인트야"",""없어요"",""안 돼요""]",
1606,76,"word_order","""Kneading the dough well is the key point.""","아 이게 포인트야",,"[""아"",""이게"",""포인트야"",""없어요""]"
1607,77,"translation","""It's great that we're all gathered after a long time.""","다 같이 모이니까 너무 좋아요!","[""다 같이 모이니까 너무 좋아요!"",""같이 해줘서 고마워요."",""여러분 덕분이에요."",""앞으로도 잘 부탁해요!""]",
1608,77,"translation","""It's nice that we're all here. Let's meet more often.""","다 같이 모이니까 좋아요. 자주 봐요.","[""앞으로도 잘 부탁해요!"",""네! 그때 너무 떨렸어요."",""같이 해줘서 고마워요."",""다 같이 모이니까 좋아요. 자주 봐요.""]",
1609,77,"fill_blank","___. 자주 봐요.","다 같이 모이니까 좋아요","[""안 돼요"",""해요"",""다 같이 모이니까 좋아요"",""봐요""]",
1610,77,"word_order","""It's great that we're all gathered after a long time.""","다 같이 모이니까 너무 좋아요",,"[""없어요"",""너무"",""모이니까"",""좋아요"",""같이"",""다""]"
1611,77,"translation","""I was very nervous when we first met.""","처음 만났을 때 기억나?","[""처음 만났을 때 기억나?"",""화이팅!"",""맞아, 오랜만이다."",""우리가 더 고마워!""]",
1612,77,"translation","""Do you remember when we first met?""","처음 만났을 때가 기억나요?","[""우리가 더 고마워!"",""처음 만났을 때가 기억나요?"",""에마 많이 변했어!"",""맞아, 오랜만이다.""]",
1613,77,"fill_blank","___ 기억나?","처음 만났을 때","[""처음 만났을 때"",""봐요"",""없어요"",""몰라요""]",
1614,77,"fill_blank","___가 기억나요?","처음 만났을 때","[""처음 만났을 때"",""없어요"",""몰라요"",""봐요""]",
1615,77,"word_order","""I was very nervous when we first met.""","처음 만났을 때 기억나",,"[""만났을"",""기억나"",""처음"",""때"",""없어요""]"
1616,77,"translation","""I was able to come this far thanks to all of you.""","여러분 덕분이에요.","[""화이팅!"",""같이 해줘서 고마워요."",""여러분 덕분이에요."",""네! 그때 너무 떨렸어요.""]",
1617,77,"translation","""It's all thanks to you. I'm truly grateful.""","여러분 덕분이에요. 진심으로 감사해요.","[""에마 많이 변했어!"",""우리가 더 고마워!"",""다 같이 모이니까 너무 좋아요!"",""여러분 덕분이에요. 진심으로 감사해요.""]",
1618,77,"fill_blank","___.","여러분 덕분이에요","[""몰라요"",""봐요"",""여러분 덕분이에요"",""해요""]",
1619,77,"fill_blank","___. 진심으로 감사해요.","여러분 덕분이에요","[""해요"",""몰라요"",""없어요"",""여러분 덕분이에요""]",
1620,77,"word_order","""I was able to come this far thanks to all of you.""","여러분 덕분이에요",,"[""덕분이에요"",""없어요"",""여러분""]"
1621,78,"translation","""How long will you be in Korea?""","그래도 꿈을 위해 열심히 할 거예요!","[""그렇지."",""그래도 꿈을 위해 열심히 할 거예요!"",""응원할게!"",""더 있고 싶어요!""]",
1622,78,"translation","""How long are you going to stay here?""","여기에 얼마나 있을 거예요?","[""여기에 얼마나 있을 거예요?"",""에마야, 한국에 얼마나 있을 거야?"",""일 년 더 연장하려고 해요."",""진짜? 좋은데!""]",
1623,78,"fill_blank","여기에 ___?","얼마나 있을 거예요","[""봐요"",""없어요"",""얼마나 있을 거예요"",""몰라요""]",