{
  "episodeId": "kp-ep-002",
  "overrides": {
    "b-0-1": {
      "xPct": 27.406727402066018,
      "yPct": 67.48786137800366,
      "tail": {
        "anchor": 0.28,
        "tipX": 0.15,
        "tipY": 1.153888889630226,
        "baseWidth": 0.09
      }
    },
    "b-1-1": {
      "xPct": 23.939619591081268,
      "yPct": 64.3669695257293,
      "tail": {
        "anchor": 0.28,
        "tipX": 0.1554648937709674,
        "tipY": 1.4072183207861746,
        "baseWidth": 0.09
      }
    },
    "b-2-2": {
      "xPct": 31.399654912873274,
      "yPct": 77.16014936434395,
      "bubbleKey": "bubble-oval",
      "tail": {
        "anchor": 0.23572464606516372,
        "tipX": 0.6416266710043287,
        "tipY": 1.6523217729831188,
        "baseWidth": 0.09
      }
    },
    "b-3-2": {
      "xPct": 40.39431599010742,
      "yPct": 149.3773997754345,
      "tail": {
        "anchor": 0.8014847357916021,
        "tipX": 0.6587175314035005,
        "tipY": -1.0194277544818924,
        "baseWidth": 0.09
      },
      "widthPct": 46.67140334157715
    },
    "b-3-1": {
      "xPct": 10.08523575600888,
      "yPct": 77.28273146606493,
      "tail": {
        "anchor": 0.28,
        "tipX": 0.2445396181333087,
        "tipY": 1.5475511216871225,
        "baseWidth": 0.09
      }
    },
    "b-4-2": {
      "xPct": 44.486689281654996,
      "yPct": 126.81914663862987,
      "tail": {
        "anchor": 0.7605039249915957,
        "tipX": 0.525502543534159,
        "tipY": -0.21595449999346106,
        "baseWidth": 0.09
      }
    },
    "b-4-1": {
      "xPct": 23.538133542262198,
      "yPct": 77.89378843021922,
      "tail": {
        "anchor": 0.28,
        "tipX": 0.22856285152272776,
        "tipY": 1.3471006865960788,
        "baseWidth": 0.09
      }
    },
    "b-2-1": {
      "xPct": 10.770849122317458,
      "yPct": 151.6707156952048,
      "tail": {
        "anchor": 0.7170787435099539,
        "tipX": 0.3199154755257838,
        "tipY": -0.6241387713379456,
        "baseWidth": 0.09
      }
    }
  },
  "bubbles": {
    "b-0-1": {
      "bubbleKey": "bubble-oval",
      "xPct": 27.406727402066018,
      "yPct": 67.48786137800366,
      "widthPct": 68
    },
    "b-1-1": {
      "bubbleKey": "bubble-oval",
      "xPct": 23.939619591081268,
      "yPct": 64.3669695257293,
      "widthPct": 65
    },
    "b-2-1": {
      "bubbleKey": "bubble-oval",
      "xPct": 10.770849122317458,
      "yPct": 151.6707156952048,
      "widthPct": 64
    },
    "b-2-2": {
      "bubbleKey": "bubble-oval",
      "xPct": 31.399654912873274,
      "yPct": 77.16014936434395,
      "widthPct": 56
    },
    "b-3-1": {
      "bubbleKey": "bubble-oval",
      "xPct": 10.08523575600888,
      "yPct": 77.28273146606493,
      "widthPct": 62
    },
    "b-3-2": {
      "bubbleKey": "bubble-oval",
      "xPct": 40.39431599010742,
      "yPct": 149.3773997754345,
      "widthPct": 46.67140334157715
    },
    "b-4-1": {
      "bubbleKey": "bubble-oval",
      "xPct": 23.538133542262198,
      "yPct": 77.89378843021922,
      "widthPct": 52
    },
    "b-4-2": {
      "bubbleKey": "bubble-oval",
      "xPct": 44.486689281654996,
      "yPct": 126.81914663862987,
      "widthPct": 52
    }
  }
}